name,if,else,loop,add,sub,mul,div,and,or,not,bigger,smaller,equal,dot,long,double,int,char,unsigned,void,str,num
2acca2d5d35e41ab,5,1,2,4,5,0,0,1,0,1,6,9,14,0,0,0,9,0,0,0,8,5
3ed9aea014ce4056,4,0,1,4,0,2,1,1,0,3,1,2,9,0,0,0,4,0,0,0,4,11
5aa6cbe2493d4353,1,0,6,16,11,0,0,0,0,2,0,5,15,26,0,0,5,3,0,0,8,16
ce9f012a7b0141b7,1,1,0,6,10,18,4,0,0,0,0,1,6,3,0,18,0,0,0,0,32,27
cd2a8082020f458b,2,1,4,16,0,0,0,1,0,0,2,4,19,7,0,0,10,1,0,0,10,16
791e4cbff4b343ce,2,1,1,6,3,1,0,0,0,0,2,11,10,1,0,0,3,3,0,0,7,12
49d14d52a7304780,2,0,14,53,15,22,0,0,0,0,4,20,39,0,0,0,8,0,0,0,0,11
beb7328f25e44a6a,0,0,3,8,2,1,2,0,0,0,0,3,15,1,0,5,4,0,0,0,11,19
2a4c384ed93c4228,2,2,1,4,1,2,0,3,2,0,3,3,11,0,0,0,3,0,0,0,4,13
2bb42f3c475e453b,3,2,2,6,1,0,0,6,5,0,5,7,25,0,0,0,6,1,0,0,19,16
8aab2700063f4fc3,5,4,2,6,0,0,0,1,0,1,0,3,30,0,0,0,11,0,0,0,13,25
eff6d8bd5de24571,1,1,1,5,2,0,0,1,0,1,1,1,6,0,0,0,3,1,0,0,6,4
9db5c9c1d2a34a57,3,1,3,8,3,0,0,0,0,3,1,1,14,0,0,0,4,5,0,2,9,6
b020b4471e054f9d,3,1,1,4,3,0,0,0,0,0,0,1,8,0,0,0,3,0,0,0,6,42
4172f2fd5b674038,0,0,5,12,2,1,2,0,0,0,0,5,11,1,0,4,5,0,0,0,12,10
3c0f84627cf64dbc,2,0,5,9,2,2,2,0,0,0,0,3,20,0,0,0,7,0,0,0,12,20
b2602c4a4d474848,2,0,2,4,2,0,0,0,0,1,0,2,13,0,0,0,5,0,0,0,10,5
e94297613e914ea9,7,2,4,6,3,0,2,1,1,1,1,3,32,0,0,0,15,0,0,0,11,12
9315b727848f4ae9,4,1,7,17,2,1,2,0,0,2,0,5,34,0,0,0,15,0,0,0,11,34
790a7528fb49492f,0,0,2,4,0,0,0,2,0,2,0,1,6,0,0,0,4,0,0,0,6,1
82436921433542ec,3,1,2,5,0,0,1,1,0,1,4,7,13,0,0,0,9,0,0,0,0,1
afe75a55953c47a4,4,0,6,13,2,0,0,1,0,2,1,4,17,0,0,0,9,0,0,0,10,6
55cc44842d5641b4,6,0,2,13,2,17,0,4,0,0,9,3,19,11,0,0,5,3,0,0,22,36
265630f2202840c8,3,0,3,9,4,0,0,0,0,0,0,1,14,0,0,0,4,2,0,0,2,4
23c9f25c9c144c12,1,1,1,4,2,0,0,0,0,0,0,1,6,0,0,0,4,1,0,0,6,0
418ece452eb347ff,1,0,3,6,0,0,0,0,0,0,4,11,8,0,0,0,6,0,0,0,0,11
56d6ac9a513c449c,0,0,2,2,4,1,0,0,0,0,1,1,4,0,0,0,4,1,0,0,8,0
5c54b0e0bd8c4509,2,1,1,5,2,0,0,0,0,0,0,0,7,0,0,0,2,2,0,0,6,7
db7860da30184d8f,2,1,3,8,2,2,0,1,0,0,8,7,11,0,0,0,7,0,0,0,0,14
d270f5cebb93461c,2,1,5,7,6,2,2,0,0,0,1,4,17,0,0,0,7,0,0,0,4,15
9549d4f7a8e34e55,3,0,1,0,12,0,0,4,0,0,5,12,18,0,0,0,2,1,0,0,7,9
5e970a85d9454a32,3,2,4,10,4,3,2,2,0,1,2,18,20,0,0,0,7,1,0,0,0,24
b6104da365b9464f,2,2,1,5,2,0,0,1,1,1,6,5,15,0,0,0,7,0,0,0,0,59
05e0eaf14f64419d,3,0,5,5,6,0,0,3,0,3,6,2,26,18,0,0,18,0,0,0,20,6
1108b546181841f2,0,0,2,10,0,0,0,0,0,0,6,8,2,0,0,0,5,0,0,3,0,5
21f2bf3213da44dc,2,0,4,11,4,1,0,0,0,1,0,4,19,0,0,0,6,1,0,0,4,6
1986f6eb79b84743,4,0,6,15,6,0,1,0,0,0,2,7,20,0,0,0,7,0,0,0,9,6
3d92d1558a54496d,0,0,0,0,0,0,0,0,0,0,0,0,8,0,0,0,1,4,0,0,20,13
46e149e29f644688,5,0,5,13,2,1,0,2,3,1,2,13,30,0,0,0,5,1,0,0,4,8
200802afcb634cae,2,0,4,10,1,0,0,0,0,0,1,4,17,0,0,0,12,0,0,0,9,5
7f480b20024749a3,3,2,1,4,5,0,0,0,0,0,0,1,11,0,0,0,3,6,0,2,13,17
8ab6a1441f314888,2,0,1,7,0,11,0,5,1,0,4,5,9,0,0,0,2,2,0,0,4,10
5468ce1bf0cf4592,8,0,7,22,4,0,0,0,0,0,0,8,28,4,0,0,6,1,0,0,20,6
6368840540674c02,2,0,3,7,2,1,1,0,0,0,5,6,11,0,0,0,10,0,0,0,0,0
b2de19dd0a454dd1,1,1,0,3,10,17,2,0,0,0,0,1,3,2,0,0,0,0,0,0,26,14
3adca6b21fa140a0,4,3,2,4,0,1,0,4,5,0,5,7,12,0,0,0,6,2,0,0,9,26
7472c37d65d547ef,2,0,5,15,5,0,1,0,0,0,5,13,16,0,0,5,4,0,0,0,1,6
3e60ae3e1b264a7a,3,0,5,12,0,0,0,0,0,2,2,4,23,0,0,0,25,1,0,1,12,5
0ce05655a3fd42c8,4,4,4,16,5,0,0,4,4,4,12,6,46,0,0,0,11,0,0,0,0,78
639884ffc1e74a61,7,7,0,0,0,0,0,14,0,9,0,0,36,0,0,0,6,0,0,0,3,15
ddd2bcd46bbd4944,1,1,0,3,5,11,2,0,0,0,1,0,4,2,0,8,0,0,0,0,31,10
b5e8d07139124556,5,1,6,19,3,1,0,2,0,3,2,6,33,0,0,0,11,1,0,0,5,14
b06e88d8379d4275,2,2,4,12,2,0,1,0,0,0,0,4,14,1,0,0,4,0,0,0,8,14
db4236da09834084,4,0,2,11,3,3,3,0,0,0,1,2,17,0,0,0,4,1,0,0,13,33
bac16d5e39a746ee,5,0,6,13,0,0,0,5,0,3,3,8,22,35,0,0,18,0,0,0,20,6
ff4d223c97764789,7,0,11,32,4,5,0,0,0,0,6,13,45,5,0,0,6,1,0,0,16,6
e5a6f802f5e64568,4,4,1,3,0,0,1,0,0,0,4,1,6,0,0,0,4,0,0,0,6,22
f459f7e5264949de,2,2,3,7,3,1,0,0,0,0,0,3,10,0,0,0,6,1,0,0,6,7
dc758c5a796e4ae7,4,3,2,14,2,0,0,1,1,1,0,2,23,0,0,0,24,0,0,0,14,68
eb6ba2530ff747b9,28,4,2,122,7,2,0,6,4,4,2,2,115,0,0,0,14,0,0,0,14,328
fab649b95981453c,1,1,3,7,2,0,0,0,1,0,0,3,13,0,0,0,7,0,0,0,6,11
a6dbf57274c5409e,0,0,14,31,18,0,0,0,0,0,4,18,40,0,0,0,18,0,0,0,0,6
d19be6240f6f4ea2,6,0,2,10,0,0,0,4,0,0,22,14,16,0,0,0,8,4,0,0,2,43
521fc4d31d2d4d47,3,0,4,10,8,1,3,0,0,0,4,5,14,0,0,0,5,0,0,0,9,12
2e30b20b92404410,1,1,7,28,6,1,0,0,0,0,0,7,14,0,0,0,7,0,0,0,8,23
03cd22f2f70b4e15,4,0,4,10,10,1,0,8,0,0,1,2,60,0,0,0,11,0,0,0,8,12
2a84d6f79cc244b6,3,1,2,2,12,0,0,5,5,1,8,14,14,2,0,0,4,1,0,0,15,18
7b69fb959e9047bf,4,2,3,6,7,0,0,0,0,2,1,2,22,0,0,0,6,2,0,0,2,6
8ee789571f0b47b4,6,0,3,12,3,0,0,4,0,0,7,4,23,16,3,0,6,3,0,0,23,39
349ddce4fee54f48,12,0,1,0,2,0,0,0,0,0,3,16,24,0,0,0,4,0,0,0,1,12
52329523b30b4b53,3,1,2,2,16,5,0,0,0,2,16,0,14,0,0,0,1,12,0,2,25,22
0fa5fcd8184c4131,6,2,9,27,5,0,0,0,0,2,1,8,33,0,0,0,8,2,0,0,12,13
1b0cf023a8914b6e,2,0,6,16,1,3,0,0,0,1,0,6,15,6,0,0,8,1,0,0,15,8
f014f508a70b48f9,5,3,3,8,12,4,1,3,0,0,6,4,25,0,10,0,0,2,0,0,19,19
e0b0f6e08adc4b9a,5,1,1,0,0,0,0,2,1,2,1,3,11,0,0,0,3,1,0,0,9,0
8ba997551c1e4203,3,1,3,10,0,0,0,0,0,0,1,3,13,0,0,0,8,0,0,0,11,3
86f551765f914a4f,5,2,2,5,21,9,0,2,0,0,23,4,36,0,0,0,14,0,0,0,20,0
71d84aa9a99c458c,3,0,6,21,1,0,0,0,0,0,1,8,15,0,0,0,12,3,0,0,8,22
0eae2029d0a64495,1,0,2,2,3,0,0,0,0,2,2,9,6,0,0,0,3,2,0,1,0,5
64ee3b3295384dc3,5,0,3,8,3,0,0,4,0,2,0,3,22,0,0,0,10,1,0,0,13,3
2802b008901e412b,4,0,0,0,6,6,3,3,0,0,3,4,12,0,0,0,4,0,0,0,22,69
1e1b0690c3b14335,2,0,8,19,4,0,0,0,0,0,10,14,17,0,0,0,7,0,0,4,0,6
a4eb3f2ce31b4099,3,1,3,6,0,0,0,0,0,0,0,5,10,0,0,0,4,0,0,0,8,2
458a038f975f4819,8,5,6,16,34,7,0,2,0,5,31,3,67,0,0,0,8,3,0,0,7,5
791cc189ec1040b2,1,0,4,8,4,0,0,0,0,1,2,2,12,0,0,0,3,2,0,0,4,6
83bc0fe07c074d30,4,0,4,9,1,0,0,0,0,0,2,4,21,0,0,0,9,0,0,0,10,7
8773ed704ef54cc9,6,1,4,13,0,1,1,0,0,0,1,4,27,0,0,0,10,0,0,0,11,17
bfd7e6f5f04640f2,0,0,3,15,7,10,0,0,0,0,6,11,6,0,0,0,8,0,0,1,0,3
fac3899658fa4031,0,0,2,6,0,2,1,0,0,0,0,2,11,2,0,0,7,0,0,0,8,11
fd5b04e4c8174449,1,1,2,7,1,0,0,1,0,0,0,2,14,0,0,0,9,0,0,0,8,56
d7bda704495243c1,0,0,2,4,5,0,0,0,0,0,6,8,5,0,0,0,6,0,0,0,0,6
7b06e1346f924506,3,0,3,4,2,0,0,0,0,2,1,9,14,1,0,0,2,3,0,0,0,9
9139904079c54248,6,0,4,10,1,0,0,0,0,4,0,0,20,0,0,0,7,4,0,0,6,8
85513c98adb84518,4,0,3,9,5,0,1,0,0,0,2,4,14,0,0,0,6,0,0,0,13,6
a7db9caf9d124137,1,0,11,28,4,0,0,0,0,0,4,18,26,0,0,0,9,0,0,0,0,17
c344cbc359aa4dc6,0,0,2,4,0,0,0,2,0,2,4,5,7,0,0,0,4,0,0,0,0,1
d352bf1ca2c14a64,0,0,11,23,2,1,0,0,0,0,0,11,13,0,0,0,11,0,0,0,16,18
8e557b77afea4aba,0,0,0,0,2,1,0,0,0,0,0,0,2,0,0,0,8,0,0,0,6,0
c58ad7ef8ef246cc,4,1,3,18,2,7,0,3,0,0,8,22,13,0,0,0,5,0,0,0,0,29
a49520a505fb441b,2,0,8,25,4,0,0,0,0,0,10,14,17,0,0,0,20,0,0,4,0,8
a814031203324a31,2,0,8,24,4,0,0,0,0,0,10,14,21,0,0,0,15,0,0,4,0,21
c886af5e11604f3b,5,2,1,5,9,11,5,0,0,0,1,3,24,7,0,5,3,0,0,0,60,16
820c051c78ba4207,1,0,5,13,3,0,0,0,0,1,2,3,11,0,0,0,4,2,0,0,6,6
9bd3015d852c4590,2,2,2,6,2,1,1,0,0,0,1,3,3,1,0,1,5,0,0,0,21,21
3b51ecc7036a44e4,3,0,4,8,4,0,0,0,0,0,0,4,12,0,0,0,5,1,0,0,13,4
40876c9c57e74b99,2,0,3,8,4,2,1,0,0,1,2,15,14,0,0,0,5,1,0,0,0,19
e3885150dfeb4a61,1,1,0,3,10,17,2,0,0,0,1,0,5,1,0,9,0,0,0,0,32,5
e243691ce6334550,0,0,3,8,2,2,2,0,0,0,0,3,13,6,0,6,5,1,0,0,12,20
2d1ac1aec3e64605,7,3,5,12,3,1,0,0,0,1,0,6,35,0,0,0,6,1,0,0,7,9
5b840d747080443c,0,0,2,6,0,0,1,0,0,0,0,2,10,2,0,4,4,0,0,0,9,8
54b40a2e5a474830,1,1,5,20,2,10,0,0,1,0,0,5,13,0,0,0,8,0,0,1,10,12
833790c481404a94,1,1,5,14,10,0,0,1,0,0,0,5,14,0,0,0,9,0,0,0,10,6
124a83c5548545b5,3,0,4,10,2,0,0,0,0,2,1,2,20,0,0,0,4,2,0,0,6,11
205ac9bb856846a3,2,0,2,7,0,0,0,1,0,0,0,3,13,0,0,0,6,3,0,0,6,6
726d4bc6c96e4036,6,1,3,6,0,1,1,0,0,0,1,2,22,0,0,0,9,0,0,0,11,9
2e28e49aa7734cd0,2,0,2,8,0,1,1,0,0,1,5,6,7,0,0,0,8,0,0,0,0,1
378c20c4b7b44690,2,0,3,4,7,6,0,1,0,0,4,2,13,0,0,0,7,0,0,0,6,0
38bb501b725742f4,21,5,5,14,0,0,0,6,7,18,0,25,80,0,0,0,5,0,0,0,0,20
bc75cd6915ef4058,2,1,1,2,0,0,0,0,0,0,6,9,6,0,0,0,5,0,0,0,0,3
697decb4b1614e43,7,4,3,7,1,0,0,1,0,1,8,12,29,0,0,0,12,0,0,0,5,43
97e1794fe2574504,3,0,4,6,2,2,2,0,0,0,3,3,13,0,0,0,8,0,0,0,4,16
7f459190042844e9,3,2,3,10,2,0,0,1,1,1,1,3,17,0,0,0,9,0,0,0,13,33
b7b1630232884328,2,2,1,2,2,2,2,0,0,0,2,1,4,0,0,0,9,0,0,0,25,12
7c26fc5228734a0b,7,0,8,23,8,0,0,4,0,0,7,11,30,6,0,0,9,1,0,0,12,6
6f4e4fcc1ce34987,2,0,5,11,3,0,0,0,0,1,2,3,13,0,0,0,4,6,0,2,6,13
9dfa1fa95b4a420a,0,0,2,4,4,2,0,0,0,0,1,1,3,0,0,0,3,0,0,0,8,4
b06d8b9fc1ef4fdf,0,0,3,6,7,0,1,0,0,0,0,3,7,0,0,0,5,0,0,0,8,4
6489e519b7e74603,2,2,4,18,4,6,2,0,0,0,0,3,17,0,0,0,9,2,0,1,14,21
746dbdda7df3457f,2,1,4,9,5,0,0,0,0,0,7,15,11,0,0,0,9,0,0,0,0,6
f9c98ce8bd2c4505,3,3,2,6,1,0,0,0,0,0,0,2,13,0,0,0,5,2,0,0,6,4
ea5864a28f2a40c7,3,1,1,4,2,11,0,5,0,1,4,13,11,0,0,0,1,2,0,0,0,10
05d5ca10443a4bc8,2,0,2,3,4,0,2,0,0,0,6,4,6,0,0,0,6,0,0,1,0,1
0e950dc6b9374fec,3,0,4,8,0,0,0,4,0,0,3,23,18,0,0,0,6,0,0,0,8,10
8c045b7862d04de5,3,1,7,23,4,0,0,0,0,0,7,22,18,1,0,4,5,1,0,0,1,7
5bb274b70ad6447b,1,1,2,5,1,0,1,0,0,1,2,3,10,0,0,0,7,0,0,0,0,5
b22b01beb97b4e8b,4,0,3,15,1,1,0,0,0,0,0,3,18,0,0,0,5,0,0,0,11,13
ce15da2508644f0c,4,4,3,8,6,5,0,0,0,0,3,3,8,0,0,0,6,0,0,0,14,22
946ed1e1d78c40ca,9,6,4,21,4,2,0,1,0,2,3,5,34,0,0,0,11,2,0,0,6,30
9c5ee9bbac4348f9,3,3,2,4,0,0,0,0,0,0,0,2,8,0,0,0,4,0,0,0,8,5
616eac63738549ad,4,3,5,11,0,0,0,0,0,1,4,12,17,0,0,0,6,2,0,0,2,16
7523b304d3f244c6,1,1,10,21,1,25,0,0,0,0,0,10,20,0,0,0,7,0,0,0,16,0
085073abb9f44aee,5,0,6,15,0,0,0,0,0,1,1,7,18,0,0,0,12,0,0,0,14,2
061e6c25c0234f63,4,1,1,5,2,0,0,4,0,5,0,1,16,0,0,0,3,1,0,0,5,4
747dae15f36b47a6,1,0,4,13,5,4,0,0,0,0,0,4,8,0,0,0,5,0,0,0,4,33
c74b22d41bff46e4,1,0,1,7,5,4,0,5,0,0,0,1,16,0,0,0,8,0,0,0,14,21
cf3578071284482a,4,0,3,8,1,0,0,0,0,0,0,3,14,0,0,0,7,0,0,0,11,0
50776148dae7424d,3,1,2,6,2,0,0,0,0,2,4,8,9,0,0,0,4,2,0,0,7,14
c40e48cae2a0410f,9,5,4,46,2,0,0,8,0,4,4,5,58,0,0,0,9,0,0,0,6,189
e4791cc09e9e4022,10,6,3,21,10,20,5,2,0,4,1,3,37,0,0,0,16,0,0,0,11,86
fcb7e064fde341aa,3,0,2,8,1,0,0,2,0,0,0,2,14,0,0,0,6,0,0,0,16,25
d1363977f8284a65,1,0,2,7,2,0,0,0,0,0,0,2,7,0,0,0,2,1,0,0,6,6
b7c5148c59a044a4,4,0,8,20,2,0,0,0,0,0,1,9,22,3,0,0,12,1,0,4,20,13
cb10d134813e4b51,4,3,2,4,0,0,0,5,5,1,5,6,24,0,0,0,4,1,0,0,21,4
3a017d13858e4e68,32,1,0,43,7,0,3,1,1,1,0,0,92,7,0,0,5,0,0,0,34,86
2c5e0a2469b844e8,0,0,3,8,1,1,1,0,0,0,0,3,10,2,0,2,6,0,0,0,9,18
56c4d1f8eb564f6a,3,0,6,19,2,0,0,0,0,0,1,8,12,0,0,0,7,3,0,0,10,22
94c5acd5a383416b,2,0,2,7,3,1,1,2,0,0,2,11,19,0,0,0,9,0,0,0,0,4
6c4221695b4a4c69,4,1,4,9,6,5,0,0,0,0,9,4,32,0,0,0,12,0,0,0,20,6
6c7c5922cc774455,2,1,2,5,0,0,1,0,0,0,4,7,6,0,0,0,9,0,0,0,0,1
6eeba6f194f740af,4,0,4,10,0,0,0,0,0,0,0,6,14,0,0,0,7,0,0,0,16,8
77d7658534c74ccd,2,2,7,15,0,1,0,0,0,0,0,8,13,0,0,0,10,0,0,0,21,18
82ea0d916aa449ed,0,0,3,6,4,3,1,0,0,0,0,3,7,0,0,0,4,0,0,0,8,1
484bb7d4280142bc,2,1,2,4,0,5,0,0,0,3,0,0,12,0,0,0,1,4,0,0,6,12
4060ee90b8c540b4,1,0,3,13,4,4,0,0,0,0,6,9,6,0,0,0,8,0,0,1,0,18
f090baefc1974dfd,3,3,3,6,0,0,2,0,0,0,1,3,10,2,0,0,20,0,0,3,31,2
f032fae3b465480e,3,1,3,4,3,2,1,0,0,1,0,1,19,0,0,0,7,1,0,0,6,10
401b9d69861d4c94,2,0,11,30,2,0,0,0,0,0,4,17,25,0,0,0,9,0,0,1,0,6
9eb9eee9ee9f4829,8,7,1,6,5,1,3,1,1,1,0,2,34,7,0,0,6,0,0,0,34,55
f9f06cd331744724,6,0,4,8,6,0,1,0,0,0,3,4,17,0,0,0,5,0,0,0,9,9
ccc9322596aa4a9f,4,1,5,15,0,0,0,0,0,0,1,6,17,0,0,0,10,0,0,0,14,2
7a3b609370a64030,7,6,3,22,21,10,5,0,0,2,3,3,23,0,0,0,4,2,0,0,14,85
a016007399cb40a0,3,0,4,8,3,0,0,0,0,0,8,7,16,0,0,0,7,0,0,0,0,4
40ef03911bf242f2,8,0,9,32,11,2,0,3,2,2,6,18,48,0,0,0,10,3,0,0,6,44
386d8104e02b4c6e,4,3,1,9,3,4,4,2,0,0,3,4,20,4,0,4,8,0,0,0,54,44
9ac76165305248bd,4,3,4,10,4,1,0,4,0,0,6,7,39,0,0,0,12,0,0,0,0,12
be08c084a89e48f7,2,1,1,2,2,1,0,3,1,0,3,4,5,0,0,0,2,2,0,0,2,8
43fed33e79b244e6,1,1,1,5,1,0,0,0,0,0,0,5,4,1,0,0,2,1,0,0,0,6
2bca43a6e92c46ce,2,1,3,7,1,0,0,0,0,0,6,11,15,0,0,0,7,0,0,0,0,5
1d96720444694d0b,3,0,4,12,0,0,0,4,0,0,3,25,20,0,0,0,7,0,0,0,8,9
5390c7e6da9a49f4,4,2,4,11,3,0,0,6,0,1,3,6,29,0,0,0,9,0,0,0,13,41
89e2f693a4be44e1,0,0,2,5,2,0,0,0,0,0,6,8,3,0,0,0,6,0,0,0,0,3
952265958fac4df7,1,0,4,7,4,0,0,0,0,1,4,15,11,2,0,0,8,1,0,0,3,10
660f55822b1c4c04,3,1,5,13,1,0,0,0,0,0,2,5,12,0,0,0,6,0,0,0,9,7
e302f5f9afba417a,5,3,5,10,5,0,0,1,0,5,0,3,20,0,0,0,6,2,0,0,6,9
63039b637eca4fcd,0,0,4,8,7,0,0,0,0,0,7,9,8,0,0,0,8,0,0,0,0,0
6a1e97e1b1c84d6f,4,4,2,11,1,0,0,3,11,2,0,2,45,0,0,0,12,0,0,0,14,45
dff8c6f3db754ec3,4,0,5,11,0,0,0,0,0,0,1,6,16,0,0,0,8,0,0,0,14,4
e4c1d5f608524f80,0,0,0,0,0,0,0,0,0,0,2,48,0,0,0,0,1,0,0,0,0,20
5e1c0509084343df,2,0,2,5,2,0,0,0,1,0,1,2,8,0,0,0,8,0,0,0,6,9
6f9a2c24c92d4d26,3,1,6,11,4,2,1,0,0,1,2,5,22,0,0,0,9,0,0,0,8,16
99fa8afb26e249fc,3,1,4,1,23,15,0,0,0,5,23,0,33,0,0,0,3,10,0,1,29,16
7c66407bd9bd4cc9,2,0,3,7,0,0,0,0,0,2,0,3,9,0,0,0,3,3,0,0,6,6
a75e86ba5e314fb7,7,5,5,14,0,0,0,21,0,23,0,23,58,0,0,0,10,0,0,0,0,15
525d7d5f76ee4a10,2,2,1,0,4,4,4,0,0,0,13,12,0,6,0,0,9,0,0,1,15,24
5b6b2d406368476c,3,0,3,10,0,0,0,0,0,1,0,3,9,0,0,0,6,0,0,0,11,4
e18fd26776514440,5,1,4,23,1,0,0,0,0,0,4,5,16,0,0,0,5,2,0,0,8,18
d411d4e49f704323,0,0,3,6,4,6,0,0,0,0,0,3,6,0,0,0,4,0,0,0,8,0
1d8a2509260a4306,2,0,4,13,3,0,0,0,0,0,1,4,13,0,0,0,8,0,0,0,9,1
1fcca80f75794d8a,3,1,7,24,6,0,0,0,0,0,7,22,19,0,0,3,10,1,0,0,1,7
d4a8008ebbba4d71,1,1,2,0,22,6,0,0,0,1,22,0,9,0,0,0,1,5,0,0,39,9
743881f069d249bd,2,2,0,0,3,4,2,0,0,0,4,4,5,0,5,0,4,0,0,0,0,3
bb25a05664ec47f3,5,0,2,6,0,13,0,5,5,2,6,7,16,0,0,0,4,2,0,0,9,25
925658a0d9cf4034,3,0,5,15,6,0,0,0,0,1,1,5,17,0,0,0,7,2,0,0,2,6
e57a2267e4ef4d5f,2,0,3,6,2,0,1,1,0,0,0,3,12,0,0,0,7,0,0,0,10,5
70ecd39599144967,1,0,7,15,1,1,0,0,0,0,12,14,9,0,0,0,11,0,0,0,0,18
d18bdd57d840497c,0,0,2,6,0,1,1,0,0,0,0,2,12,2,0,2,7,0,0,0,9,12
f2c09cc3acb5496d,1,0,3,11,6,3,0,0,0,0,1,2,9,1,0,1,8,0,0,0,17,33
f90e3829e6bc4abb,1,0,4,12,3,0,0,1,0,0,1,5,8,6,0,0,4,1,0,0,8,7
d06d1f9d6f56463d,3,0,4,8,10,0,0,4,0,0,0,4,20,0,0,0,6,1,0,0,17,9
84cef188422a4db1,3,0,7,18,0,15,0,0,0,0,1,6,22,0,0,0,0,5,0,0,10,8
fe7f9001b87048cb,3,1,5,22,0,7,0,0,0,1,0,4,23,0,0,0,7,7,0,0,2,33
d98bf2286dbd4943,3,0,1,4,5,2,1,0,1,1,4,2,8,0,0,0,5,0,0,0,0,0
e8093add63ba48f7,2,2,1,4,2,1,4,0,0,0,2,1,6,2,0,3,4,2,0,1,33,60
1e616d859dc24fd4,2,0,5,13,0,0,0,11,6,0,11,13,30,0,0,0,5,1,0,0,3,8
59b1754e1fb64271,4,0,7,15,0,0,0,0,0,0,1,8,22,0,0,0,8,0,0,0,14,8
47656d772a5d4367,3,1,5,12,5,0,0,1,0,0,10,8,19,0,0,0,7,0,0,0,0,7
6fd90942ff3541d9,5,2,4,11,10,5,0,0,0,1,9,12,15,0,0,0,7,0,0,0,0,31
566dd356881148b2,3,0,5,13,1,0,0,0,0,0,1,5,16,0,0,0,6,0,0,0,9,2
a7852add87264e2b,2,0,7,11,14,13,0,0,0,4,12,3,29,0,0,0,6,4,0,0,17,14
b844b9e2392a47f8,6,1,3,9,1,0,0,1,0,0,4,4,12,1,0,1,8,0,0,0,12,13
c77467475b0748fc,2,0,8,20,3,0,0,0,0,0,4,16,22,0,0,0,13,0,0,2,0,17
a9b2d9846be04eea,2,1,6,21,4,0,0,0,0,1,0,6,21,0,0,0,6,3,0,0,2,27
7d8875e8526b4f90,4,2,3,16,3,12,0,2,3,2,0,3,33,0,0,0,8,4,0,0,6,12
3a39c76a8a1547a9,5,3,3,7,3,0,0,1,7,2,1,3,37,0,0,0,9,0,0,0,13,29
75842acc39704486,1,0,1,2,2,2,0,1,0,0,4,9,8,0,0,0,4,0,0,0,0,2
8287e72e6cd14531,1,1,0,1,1,1,0,1,0,0,0,0,5,0,0,0,3,0,0,0,6,2
e8244eac11a04b84,9,2,8,27,6,0,0,0,0,0,1,8,44,1,0,0,8,1,0,0,11,6
05d735029afd45ca,3,0,4,9,4,0,0,0,0,1,0,4,15,0,0,0,5,0,0,0,8,5
3bfd2f1694e3461b,2,0,3,11,3,0,0,0,0,2,0,2,15,0,0,0,4,2,0,0,9,9
470adf4c900d4a02,3,2,7,13,14,0,0,0,0,0,3,5,27,0,0,0,8,2,0,0,6,18
307070586c99457c,11,3,0,16,0,0,0,0,0,0,2,16,28,0,0,0,4,0,0,0,1,28
32861318f1c949ea,7,2,14,42,4,0,0,0,0,1,1,15,42,0,0,0,9,2,0,0,10,34
7bc083c1158c4b8f,4,1,7,20,15,8,0,0,0,0,10,9,30,11,0,0,12,2,0,2,28,11
0c3318a74eca4f4c,2,0,3,8,2,0,0,0,0,0,0,3,10,0,0,0,7,0,0,0,9,8
b75f3f636f754036,4,2,2,2,2,0,0,1,1,0,3,1,15,0,0,0,5,0,0,0,6,3
b185053dc2364323,0,0,4,9,8,5,0,0,0,0,2,2,8,0,0,0,5,0,0,0,10,3
3fadd5d483854bf5,1,0,4,8,3,0,0,2,0,5,1,0,16,0,0,0,4,1,0,0,4,3
4d2b1987322e4744,1,1,9,18,12,0,0,2,0,2,2,8,22,0,0,0,15,0,0,0,16,6
d4011ac0994d425b,0,0,7,18,8,0,0,1,0,2,0,6,23,0,0,0,12,0,0,0,10,12
f098f9003430461f,2,1,7,15,9,1,0,0,0,1,12,15,19,0,0,0,10,0,0,0,0,18
9c722225cba94977,3,2,3,7,1,0,0,0,0,0,3,3,14,15,0,0,10,0,0,0,12,12
b54c39dd494f4609,6,0,5,18,0,0,0,17,9,22,0,23,62,0,0,0,5,0,0,0,0,22
cb7604f160f54e37,3,0,4,10,4,0,0,1,0,0,2,6,12,0,0,0,5,0,0,0,8,2
e46265ecca2c46b5,3,0,3,5,2,0,0,2,0,1,0,3,21,0,0,0,9,0,0,0,10,7
764fa3126e4f48c3,0,0,2,7,3,2,0,0,0,1,0,1,4,0,0,0,9,0,0,0,26,29
8ec07c7342814115,6,2,4,10,2,1,3,0,0,1,0,3,36,0,0,0,20,0,0,0,11,13
0810d7caebc044a7,5,0,5,13,2,4,0,4,1,4,2,13,34,0,0,0,6,1,0,0,4,15
1093677570d7424d,4,3,1,3,0,0,0,0,1,0,2,0,17,0,0,0,6,1,0,0,13,0
6a2692e37bf94d1c,6,1,3,10,12,3,1,3,0,1,5,5,24,0,7,0,0,1,0,0,17,21
1cde00466127434c,22,0,5,10,0,4,0,5,6,17,0,23,59,0,0,0,10,0,0,0,0,22
1f3f4e74b96847b9,3,1,2,8,0,0,0,0,0,2,0,2,9,0,0,0,7,5,0,0,9,15
d86a49d04b234d45,4,0,1,4,16,29,5,1,0,0,2,4,15,12,0,7,2,0,0,0,63,64
d80e33d74e6e4918,2,0,5,9,6,0,0,1,0,0,4,4,15,0,0,0,7,0,0,0,6,10
7751532ec4ef48ff,4,0,3,11,0,0,0,1,0,2,0,3,21,0,0,0,7,0,0,0,11,13
0cedd658bf814ebf,1,1,3,10,4,3,0,0,0,0,0,4,6,0,0,0,6,0,0,0,10,6
167940f14fdf4d2f,2,2,2,4,4,3,3,0,0,0,2,2,4,5,0,1,7,0,0,0,25,23
75e3695d50f14545,5,0,6,20,9,0,0,0,0,1,2,7,25,0,0,0,10,0,0,0,12,15
73e84bb269834a96,3,0,2,7,1,0,0,0,0,1,4,6,9,0,0,0,4,2,0,0,0,4
51aba25500c34cd5,7,2,6,15,4,5,0,7,0,6,6,143,41,0,0,0,15,1,0,0,20,21
a171cd84ed654ab0,4,1,4,15,1,0,0,3,3,4,0,4,35,7,3,0,11,0,0,0,34,91
3a8261f300ca4f2e,5,0,2,6,10,8,5,0,0,0,2,3,22,7,0,6,2,0,0,0,60,13
19bc6cce559b4e12,2,0,4,11,7,0,0,0,0,0,0,4,11,0,0,0,8,0,0,0,10,6
53d0b972d9424673,4,0,1,5,3,4,4,2,0,0,7,46,21,4,0,11,0,0,0,0,26,52
fa8b530277f54f75,2,0,6,18,8,6,1,0,0,0,2,7,16,0,0,2,8,0,0,0,9,7
e6dd26501a98475a,5,5,1,4,9,10,7,0,0,0,1,1,27,8,0,8,2,0,0,0,70,22
5b050f566a424608,5,4,1,3,0,0,0,2,0,0,3,3,31,5,0,0,11,1,0,0,20,6
631693fb2bd3442a,3,0,9,21,8,0,0,0,0,1,2,6,34,0,0,0,4,4,0,0,2,18
60ca4944e88d4f12,4,1,2,6,1,0,0,1,0,0,0,2,19,0,0,0,10,0,0,0,11,5
935c3f412c784678,3,1,3,8,1,0,0,0,0,0,0,3,11,0,0,0,6,0,0,0,11,4
982aa1ebb37f45e2,20,0,0,18,18,2,11,2,1,1,1,0,61,7,0,0,7,0,0,0,34,114
7625f51d727b4076,5,1,5,12,2,1,0,0,0,0,2,5,21,0,0,0,12,1,0,0,10,11
4893e4481a9e4e50,1,0,1,3,0,1,0,19,0,20,0,1,26,0,0,0,5,0,0,0,4,38
081bb99d4b4b4c10,4,1,2,3,1,2,2,0,0,0,0,1,16,0,0,0,12,0,0,0,4,8
41818e3cee304301,2,1,1,6,6,7,0,2,0,0,2,7,9,1,0,0,3,3,0,0,0,10
1ebff370dd3d4b8d,4,0,3,8,2,0,0,0,0,1,2,9,20,0,0,0,8,3,0,2,0,4
36f65366a09e45ba,1,0,6,20,11,4,1,0,0,0,0,7,16,34,0,0,11,0,0,0,34,2
75d6557814d8465c,2,0,4,11,3,0,0,0,0,1,0,4,10,0,0,0,5,1,0,0,0,4
76d761ce7c4445d6,2,0,2,4,0,0,0,0,0,0,4,6,12,0,0,0,7,0,0,0,1,4
093eba95f94743d1,1,0,3,6,2,0,2,0,0,0,0,3,11,0,0,0,7,0,0,0,6,16
16aaf3036b2c4dcd,0,0,3,8,3,0,1,0,0,0,4,9,9,0,0,0,4,0,0,0,0,4
486ec69363da4144,5,1,4,11,11,0,0,2,0,0,10,7,35,0,0,0,13,2,0,0,0,9
abb66f4495ff41d6,0,0,2,2,2,0,0,0,0,1,1,0,5,0,0,0,2,2,0,0,8,7
f54593c41f184862,1,0,2,6,1,0,0,2,0,4,0,0,9,0,0,0,3,2,0,0,6,4
05f814f0c1004f85,1,0,4,9,3,0,0,0,0,0,6,10,11,0,0,0,7,0,0,0,0,1
392880ba66224c79,4,2,3,10,1,19,0,3,0,3,4,3,18,0,0,0,1,6,0,0,7,8
1f96aa1bbbc14413,1,0,1,5,1,4,0,5,1,1,0,2,16,0,0,0,9,0,0,0,14,22
40194c5d9e9c46d4,5,0,5,15,0,0,0,11,11,7,5,28,55,0,0,0,3,0,0,0,0,61
69a82e62db5b4cfe,5,0,2,6,2,0,0,2,0,0,4,6,13,0,0,0,1,2,0,0,11,8
e1d26038eba1465d,13,13,0,29,0,15,0,2,1,1,0,0,45,0,0,0,5,0,0,0,8,81
df722369c5da4042,0,0,2,0,8,5,0,0,0,2,8,0,9,0,0,0,0,1,0,0,5,3
345f67ff2bc942fc,4,0,2,5,0,0,0,0,0,2,0,2,10,0,0,0,6,0,0,0,11,4
87afdd0b1a724bd5,0,0,2,5,0,0,0,0,0,0,0,1,10,0,0,0,3,5,0,0,14,0
b9b3b80bc3314b95,1,1,7,15,1,1,0,0,0,1,12,15,10,0,0,0,11,0,0,0,0,18
366209787b5a4113,2,0,10,27,7,0,0,0,2,2,6,14,20,0,0,0,15,0,0,0,0,6
9f2e6eed8e794cb0,5,2,3,9,12,1,2,3,1,0,6,5,19,0,0,0,12,6,0,0,15,29
6835e98605a64fb4,1,1,3,7,1,3,0,0,1,0,0,3,18,0,0,0,8,0,0,0,6,2
86e4721fef5b4755,2,1,3,7,5,0,0,0,0,0,2,2,13,0,0,0,9,6,0,0,2,20
d7190025b2fb4280,3,0,0,0,0,0,2,0,0,0,1,1,4,0,0,0,8,0,0,0,6,2
4c3396b5aede46e0,5,0,6,14,1,0,0,0,0,0,1,6,21,0,0,0,7,0,0,0,6,18
e8b41e8132de494d,4,2,2,5,2,0,0,1,0,2,0,2,16,0,0,0,5,2,0,0,4,3
f0d9eeb1d9da470b,4,1,6,17,5,0,0,0,0,0,3,18,22,2,0,0,7,2,0,0,2,13
9582efad321d4a5c,3,3,3,8,2,0,0,1,1,1,9,20,22,0,0,0,10,0,0,0,10,39
ac3e0e5c8adc4589,1,0,7,17,1,0,0,0,0,0,7,17,12,0,0,0,6,0,0,0,0,7
c9ac186cfd1c4ac8,2,1,1,1,1,1,2,2,2,3,1,0,13,0,0,0,2,0,0,0,4,14
96163d2f99ce4e1f,4,0,6,14,0,1,0,0,0,0,1,5,17,7,0,0,8,5,0,0,15,7
b36d84a4fb694169,2,1,9,19,0,1,0,1,0,1,12,19,25,0,0,0,11,0,0,0,0,18
dd80374f6d394f58,6,2,3,15,7,0,4,0,0,2,5,3,20,0,0,0,5,0,0,0,0,12
e443326d2fe04476,3,1,3,6,1,0,0,1,0,0,6,8,14,0,0,0,7,0,0,0,8,0
1a8fa76317fc4ecd,1,0,5,11,4,3,0,0,3,0,8,8,17,0,0,0,7,0,0,0,0,9
ee22da18013e411a,2,0,4,8,5,1,0,0,0,1,0,8,13,1,0,0,5,2,0,1,0,7
99837cb31ab34a79,5,0,3,13,4,6,0,1,0,0,4,12,17,0,0,0,6,0,0,0,0,60
abc0efb1169a4115,0,0,1,11,3,7,0,0,0,0,0,3,4,1,0,0,1,2,0,0,0,9
d159645afe8e4b23,3,0,4,8,0,0,0,1,0,2,2,4,10,0,0,0,8,0,0,0,8,4
a1f7f9f9f1fa4c3f,0,0,3,8,3,1,2,0,0,0,0,3,12,1,0,4,4,0,0,0,12,5
b4bfe0e108984a33,2,0,9,21,3,0,0,0,0,0,0,11,20,0,0,0,27,0,0,4,12,9
cc42c5b0f1bd4452,7,2,1,3,0,0,0,3,4,2,6,8,14,0,0,0,2,2,0,0,3,30
fc456b4a23ea4479,3,0,6,11,7,0,0,2,5,1,3,38,44,0,0,0,6,1,0,0,4,61
d90c1f2f7b03436f,2,0,2,6,2,0,1,0,1,2,0,2,8,0,0,0,6,0,0,0,6,0
b1a03bf663be4f6c,3,2,2,10,1,1,0,2,2,2,1,2,25,7,1,0,10,1,0,0,34,56
aeebc1dd003540c7,2,2,1,5,0,0,0,2,0,1,4,15,10,0,0,0,5,1,0,0,0,6
b23d3b5e19824c2b,4,4,2,6,0,0,0,2,0,0,2,8,11,0,0,0,3,2,0,0,3,16
e438dfaae2124a89,3,3,1,5,1,0,0,1,0,1,0,1,29,0,0,0,11,0,0,0,8,45
7e8bcae912f548f8,1,1,5,9,7,0,0,2,0,0,2,6,7,0,0,0,6,0,0,0,10,6
ec046c214ec64859,1,0,3,6,1,0,0,1,0,1,0,3,7,0,0,0,6,0,0,0,11,4
f2ff3ae4b3364c29,1,0,1,2,0,0,0,0,0,1,6,7,6,0,0,0,6,0,0,0,0,6
8aefaa31a8574dcf,3,2,7,22,13,1,0,2,0,0,8,26,13,0,0,0,8,0,0,0,0,6
b044376b173d4add,1,0,4,10,1,0,0,1,0,1,0,4,12,0,0,0,5,0,0,0,9,3
2abb4d4e09a4473d,32,1,0,28,5,1,3,1,1,1,0,0,92,7,0,0,5,0,0,0,34,79
1337bdcc1ae642c9,3,1,4,7,9,0,0,2,0,1,2,3,18,0,0,0,4,4,0,0,7,13
4ea106608e40483b,5,0,2,5,0,0,0,5,5,4,5,6,22,0,0,0,3,1,0,0,21,2
9e8bfdd310164270,3,0,1,5,5,2,0,5,0,0,0,2,21,0,0,0,10,0,0,0,14,12
cbbe59515a724662,2,0,5,18,4,0,0,2,0,0,6,13,30,0,0,0,8,1,0,0,3,16
6a1b0cebad234118,2,1,2,7,1,0,0,1,0,0,3,13,12,0,0,0,3,2,0,0,7,4
a3838e0e5ee840e1,2,0,5,12,2,0,0,0,0,0,1,5,21,0,0,0,11,0,0,0,9,7
9e125ad53ded4e90,4,0,3,12,1,0,1,0,1,0,0,3,20,0,0,0,6,0,0,0,11,10
a74c42adde1f4d6e,3,2,4,13,0,11,0,2,0,0,3,5,6,0,0,0,4,0,0,0,33,26
eaab48268ca847da,4,0,2,8,3,4,4,2,0,0,3,5,14,4,0,4,8,0,0,0,50,37
2ff0b453acb14864,2,1,0,4,0,0,0,0,0,2,4,6,4,0,0,0,5,0,0,1,0,0
aadcbc16b6ea4568,0,0,2,6,0,0,1,0,0,0,0,2,13,1,0,4,4,0,0,0,9,9
9fe0814d22774b78,5,2,5,21,2,2,0,10,0,10,3,7,40,0,0,0,8,1,0,0,4,47
fbce1860393e4eeb,1,0,6,24,12,6,3,0,0,0,8,33,38,1,0,5,14,0,0,0,14,22
ab9d2c8dc36141ed,6,2,4,20,3,0,0,4,4,4,2,4,35,0,0,0,13,0,0,0,14,66
9c435e8f55fd4d20,2,0,5,8,3,0,0,1,0,0,3,5,10,6,0,0,5,1,0,0,8,7
0e545b4ca5754877,8,6,1,3,3,0,0,5,3,3,4,4,46,0,0,0,8,0,0,0,25,85
0ee671639f41414a,0,0,4,12,4,8,0,0,0,0,7,9,7,0,0,0,4,0,0,0,0,3
d927572901c84b5e,8,6,2,4,5,0,0,0,0,0,0,2,19,0,0,0,4,1,0,0,20,7
5f77976bff4c4753,5,0,3,7,1,0,1,0,0,0,0,3,19,0,0,0,6,0,0,0,6,7
64e50f028fb44a27,2,0,4,10,1,0,0,0,0,0,0,4,12,0,0,0,7,0,0,0,8,10
3af786f1cbfe43a6,1,0,5,12,3,5,1,0,0,0,0,6,13,0,0,0,11,0,0,0,4,9
4c6531c0ecc74433,3,0,9,29,21,16,4,0,0,0,0,10,23,40,0,3,8,0,0,0,35,27
b280f088d8724213,3,3,2,10,7,0,0,2,2,2,0,2,26,7,0,0,8,1,0,0,38,90
6a06b7aec5cc4903,5,2,2,7,2,0,0,3,2,0,3,13,14,0,0,0,3,1,0,0,0,12
fd50ec662eda4f9e,4,0,5,12,0,0,0,0,0,1,3,22,19,0,0,0,8,0,0,0,8,7
fb2bc204e2da4b40,0,0,4,10,2,1,2,0,0,0,0,4,16,1,0,5,4,0,0,0,12,10
664a5d75331745d5,2,0,4,11,2,0,1,0,0,1,0,4,12,0,0,0,6,1,0,0,4,8
a5e4d1ae8d6647ae,0,0,2,3,0,0,3,0,0,1,2,3,8,0,0,0,4,0,0,0,0,15
b62dd8b447bb4fdb,1,1,5,36,8,3,0,0,0,0,4,13,19,0,0,0,10,0,0,1,0,14
bc5dbf16ddfc4003,2,2,3,9,2,0,1,0,0,0,0,3,10,1,0,2,8,0,0,0,9,7
91d156152dce4c9b,5,2,2,7,2,0,0,1,0,2,0,1,21,0,0,0,10,0,0,0,16,10
da503ab70cd749d6,3,0,4,11,3,0,0,0,0,1,1,4,12,0,0,0,8,0,0,0,9,4
ce5af80273f547c9,0,0,11,76,14,10,0,0,0,0,0,11,23,0,0,0,7,1,0,0,8,60
e25ba50f5e27415b,1,0,3,10,0,0,0,0,0,3,0,1,6,0,0,0,3,2,0,0,9,15
df5a10ac6ab343ec,7,0,9,24,5,0,0,0,0,0,6,13,39,4,0,0,6,1,0,0,7,12
bfff2409885949e4,5,2,7,19,5,0,1,0,0,0,3,7,28,1,0,0,7,0,0,0,9,12
45fddfac99c7443b,1,0,4,7,0,0,0,0,0,3,1,1,10,0,0,0,5,3,0,0,10,6
7846155535134cae,4,1,5,17,4,13,0,0,0,1,1,6,23,0,0,0,8,0,0,0,12,11
677c895cafce42c0,2,0,7,13,14,0,0,1,0,0,10,20,18,0,0,0,6,0,0,0,0,8
e995eab564f64ecd,2,0,4,13,4,1,2,0,0,1,2,8,12,0,0,0,4,2,0,1,0,7
6e6368d66f504b2c,10,0,4,12,0,0,0,1,0,0,4,8,19,0,0,0,18,0,0,0,16,12
d23dc5a2e8654445,4,0,7,22,16,6,0,1,0,0,2,6,29,0,0,0,9,0,0,0,14,10
e8a765cb0cd64d93,2,2,1,2,3,2,2,0,0,0,2,1,6,4,0,2,7,0,0,0,25,14
7e51656bac7a475c,0,0,4,10,2,1,2,0,0,0,0,4,12,1,0,5,4,0,0,0,11,8
4cc74f9024d54fa2,8,0,16,31,26,0,2,0,0,2,12,64,23,0,0,0,6,0,0,0,0,14
3a610fe9ce2346bd,4,0,10,40,3,27,0,0,0,0,3,10,28,5,0,0,5,5,0,0,12,24
62a969a9ea5e4f78,8,2,8,34,21,1,0,0,0,0,6,8,27,0,0,0,22,0,0,0,8,11
5c6cbb8e358848a8,3,0,8,19,7,0,0,2,0,0,3,10,22,0,14,0,0,0,0,1,15,17
53a26222facd48b8,3,2,2,4,1,0,1,1,0,0,0,2,16,0,0,0,9,0,0,0,6,5
3151f6528ae64665,0,0,9,19,0,1,0,0,0,0,0,9,13,0,0,0,9,0,0,0,16,18
1352d775ddde41d4,2,1,7,16,3,0,0,0,0,0,3,6,17,7,0,0,11,1,0,0,10,13
768a1dec419f4970,2,0,14,27,6,0,0,0,0,0,5,19,26,0,0,0,20,0,0,3,0,27
020b13ac77a1402a,2,0,12,25,4,0,0,2,0,0,6,18,27,0,0,0,17,0,0,0,0,6
8ec90df531594d80,1,1,0,3,5,10,5,0,0,0,1,0,2,3,0,0,0,0,0,0,26,28
3ecfa800caf14a71,4,1,6,11,16,0,0,1,0,1,5,3,29,0,0,0,12,2,0,0,2,7
196dcf8bbaf2494c,2,0,3,9,3,0,0,0,0,0,2,11,12,2,0,0,7,2,0,0,4,8
1da121b03f5a431a,3,3,4,10,3,0,0,0,0,0,0,4,16,0,0,0,6,1,0,0,8,9
0a2ee2447f0949ba,1,1,2,6,0,0,0,1,1,1,0,2,33,0,0,0,6,0,0,0,10,105
1bc13896a2a8449c,3,1,5,12,2,0,0,0,0,0,2,12,15,0,0,0,7,0,0,0,0,11
981d4c97434d4d4e,3,0,4,10,0,0,0,0,0,0,4,12,11,2,0,0,7,0,0,0,0,16
3d82125b6aaf4fa9,9,0,4,8,4,0,0,4,5,9,0,22,56,0,0,0,5,0,0,0,0,15
493f1662cda94462,5,3,1,10,0,0,0,1,0,2,0,1,16,0,0,0,4,1,0,0,10,4
ff2626bba7ba4939,3,0,6,8,15,0,0,0,0,1,5,6,22,2,0,0,4,2,0,0,0,33
fca732feb43d4c57,3,0,4,13,3,0,0,0,0,2,5,8,11,0,0,0,10,0,0,0,1,1
5a2ad8ba283f4b46,3,0,18,40,34,0,0,0,0,8,7,43,46,0,0,0,8,0,0,0,0,6
984df984cd044393,5,3,6,21,4,0,0,0,0,0,1,7,20,0,0,0,7,3,0,0,10,14
af0ccacebab741c1,7,7,0,0,0,0,0,5,0,0,0,0,27,0,0,0,4,0,0,0,11,17
72d33c0ad35b4266,2,0,3,8,0,3,0,0,0,0,0,3,10,0,0,0,7,0,0,0,8,0
c8d498f0c6ae4a96,3,1,3,8,0,0,0,0,0,0,0,3,13,0,0,0,7,2,0,0,6,8
effcf0fa2d61415c,0,0,2,0,10,5,0,0,0,2,10,0,12,12,0,0,2,6,0,2,29,11
7af426554b6c401d,0,0,3,9,4,0,2,2,0,2,2,0,14,0,0,0,5,0,0,0,6,6
4c01da12fc2a4890,5,1,3,14,1,5,0,1,0,0,10,8,27,0,0,0,10,0,0,0,8,14
f298516ed7f94b19,1,1,0,3,5,8,2,0,0,0,0,1,3,2,0,0,0,0,0,0,26,15
c96dc51facd640af,4,1,5,19,7,0,0,0,0,0,3,5,18,0,0,0,9,0,0,0,12,8
bd2d3a5e46ee420b,1,0,2,4,2,1,1,0,0,0,4,5,6,0,0,0,5,0,0,1,0,1
eed44773fc3047fe,1,1,2,3,24,9,0,0,0,1,24,1,17,0,0,0,3,5,0,0,41,8
68e8dfd16112485d,4,0,4,8,0,0,0,0,0,0,0,4,17,0,0,0,4,2,0,0,12,16
4e7537e173a44849,6,0,1,8,0,0,0,4,0,0,8,1,16,16,0,0,9,3,0,0,22,40
c873555f055b4ab4,4,3,2,4,1,0,2,0,0,0,4,6,17,0,0,0,10,0,0,0,0,9
44ea843223cd4f19,1,0,6,12,2,0,0,2,0,3,0,10,24,2,0,0,3,4,0,0,0,26
31df792a9dd84306,6,6,3,8,0,0,0,1,1,1,9,12,18,0,0,0,17,0,0,0,5,60
3b04e5c6dcf247b4,2,0,4,9,2,0,0,0,0,1,0,4,8,0,0,0,4,0,0,0,9,3
c4c387fad0124b82,7,1,3,13,0,0,0,0,0,2,0,3,27,0,0,0,8,4,0,0,2,12
fa08c8fd4b0049d8,3,0,3,6,1,0,1,1,0,0,0,3,16,0,0,0,6,0,0,0,6,3
e60a8626900b40ce,2,0,3,15,3,6,0,0,0,0,0,3,13,0,0,0,8,0,0,0,9,0
4ce78bf37e7d43e0,12,2,1,47,167,210,46,10,0,0,20,3,72,0,0,0,17,0,0,0,4,1523
ec24b5cc058c40ac,1,0,1,2,3,0,0,1,0,0,2,9,6,2,0,0,2,4,0,2,7,8
d1222ee5c8a54963,0,0,2,4,0,0,0,0,0,1,0,1,5,0,0,0,4,0,0,0,10,1
c282b0dc1c084f6f,7,7,0,0,0,0,0,5,0,0,0,0,30,0,0,0,7,0,0,0,27,6
fa7f676aaef74d0f,3,1,3,7,0,0,0,5,5,3,9,19,20,1,0,0,3,1,0,0,17,7
343fa8bbd1234a79,4,0,5,11,15,0,0,0,0,0,1,7,18,0,0,0,13,0,0,0,12,16
b2dc9fb0c3bf472a,3,0,5,11,0,0,0,0,0,0,1,6,14,0,0,0,12,0,0,0,14,4
2b76bcc6e3cd4d91,2,2,2,4,2,0,2,0,0,0,8,14,4,2,0,0,2,0,0,0,15,17
2527490f626048b1,7,2,9,32,5,0,0,0,0,0,3,10,26,0,0,0,8,5,0,0,10,24
0553356fdf224c4d,0,0,3,10,4,5,2,0,0,0,6,2,8,3,0,3,4,0,0,0,5,10
92433b7dfa1d44ca,4,0,7,20,3,0,0,1,0,1,2,6,28,0,0,0,10,3,0,0,10,14
b30e26982ae04999,3,0,3,12,3,0,0,2,1,0,5,11,26,0,0,0,5,0,0,0,0,23
c478bc5457a5423d,1,0,5,12,1,0,0,0,0,0,6,13,7,0,0,0,8,0,0,0,0,6
c7cdf92a3153496b,2,0,3,6,3,0,0,1,0,0,5,9,16,0,0,0,6,0,0,0,0,4
85bc675e0e1b400c,3,2,4,13,8,0,0,0,0,0,0,4,12,0,0,0,6,0,0,0,10,0
9e5d060ec54d46c6,0,0,7,28,6,1,0,0,0,0,4,15,18,0,0,0,6,0,0,0,0,15
655a12de809b41ea,3,0,4,11,2,0,0,0,0,0,3,4,9,0,0,0,5,0,0,0,6,4
d2a7f0b91e5b4e58,3,2,3,6,0,0,0,6,5,3,5,8,25,0,0,0,4,1,0,0,19,7
d6c0395d17bf4d96,4,0,7,16,0,0,0,0,0,0,1,8,20,0,0,0,6,0,0,0,16,9
98e6b3185a1345dc,3,1,1,2,6,0,0,2,0,0,3,3,7,0,0,0,3,1,0,0,2,6
700d5166be4c4cb8,8,0,1,3,9,2,3,1,0,0,1,1,24,0,0,0,14,0,0,0,6,4
c37c80b8a22846cf,4,1,1,2,0,1,0,0,0,0,3,2,9,0,0,0,8,1,0,0,12,1
f9f2f02d54864e1e,4,1,3,8,1,0,0,0,0,0,3,3,9,0,0,0,13,0,0,1,6,6
31c2cbe8e471442c,0,0,3,4,3,1,0,0,0,1,1,7,7,1,0,0,2,2,0,0,0,10
286e2a0da813400c,2,1,4,9,6,0,0,2,0,0,0,6,11,0,0,0,6,0,0,0,10,6
fc20eff8139c43ed,6,6,2,14,0,1,0,6,9,2,0,2,54,7,0,0,7,1,0,0,34,51
ff6a5fe30d8e4ed1,1,1,3,11,0,0,0,0,0,0,4,12,8,0,0,0,6,1,0,0,0,8
62187e9ad6c14ae1,1,0,4,9,3,0,0,1,0,0,7,10,9,0,0,0,6,0,0,0,0,6
a920b98b5a854b29,0,0,3,8,0,0,3,0,0,0,1,2,11,0,0,0,5,0,0,0,4,9
c6b36e5345a74a7e,4,2,11,53,12,2,0,0,0,2,0,11,41,0,0,0,7,0,0,0,12,22
dd385fe0007b40c9,2,2,2,7,0,0,0,0,0,0,0,3,11,0,0,0,4,1,0,0,10,9
08d7c22ebb0243a2,1,0,2,8,0,0,0,2,1,1,1,2,12,0,0,0,9,0,0,0,8,35
106bad276ee149a0,0,0,6,12,4,0,0,2,0,0,2,6,17,0,0,0,7,0,0,0,10,7
88216ed7ee0f4590,4,0,2,7,1,0,0,1,0,2,1,1,15,0,0,0,2,2,0,0,11,4
eb20272455c84d04,3,1,2,3,0,1,1,0,0,1,0,1,11,0,0,0,5,0,0,0,4,6
784ce7cf7d404158,0,0,4,8,0,0,0,0,0,0,0,4,9,0,0,0,4,1,0,0,14,7
0dc8a125de1f4acf,4,3,0,8,3,1,0,1,2,1,6,8,26,0,0,0,6,0,0,0,0,31
90e4124bf163440e,5,2,3,4,6,0,4,1,1,0,10,4,29,0,0,0,15,0,0,0,0,8
a548a1fe28264256,4,0,4,9,1,0,1,0,0,0,2,16,22,0,0,0,7,0,0,0,2,7
6f42fb778c974935,2,0,1,5,0,0,0,3,0,1,2,2,1,0,0,0,1,1,0,0,2,10
8fb629a6848e4acf,8,0,0,0,0,1,0,11,0,12,0,0,26,0,0,0,2,1,0,0,3,36
dc924d7d6ab74182,4,1,4,8,0,0,0,0,0,0,1,5,18,6,0,0,11,0,0,0,12,19
9927cf25df75471c,4,2,2,6,0,4,0,0,9,1,0,1,40,0,0,0,5,4,0,0,2,16
953b32b6e48e4a58,5,2,3,5,4,0,1,1,0,0,2,3,19,0,0,0,5,0,0,0,6,5
be5cb6b5ec0e49a4,4,1,7,18,0,0,0,0,0,0,3,24,24,0,0,0,7,0,0,0,8,13
aead336fe0304e1d,1,0,6,24,10,3,0,0,0,0,11,40,26,0,0,2,10,0,0,0,10,16
59b094c8cda54c58,1,1,3,6,7,0,2,0,0,1,0,3,9,0,0,0,6,0,0,0,8,6
afbd8f35ac444796,1,0,2,2,4,0,0,0,0,2,25,24,5,20,0,0,2,4,0,0,2,13
7bf3e019156c4f52,1,1,2,8,4,9,0,0,0,1,1,0,14,0,0,0,1,6,0,0,2,10
344a4aacda734eaf,3,2,2,7,2,0,0,1,1,2,1,2,15,0,0,0,14,0,0,0,13,35
8db53348dab84f85,4,3,2,18,6,9,0,1,0,2,4,24,9,0,0,0,4,1,0,0,0,11
6f395ec0c2254c52,2,1,5,10,11,0,1,0,0,0,7,5,21,0,0,0,14,2,0,2,0,21
45827e096d084b8f,4,4,3,7,6,1,1,0,0,0,8,7,10,0,0,0,4,2,0,0,0,20
60f576a404e84886,3,0,5,6,13,0,0,0,1,0,9,9,21,0,0,0,8,3,0,0,7,15
0b143552deb34eca,4,1,5,11,6,0,0,2,0,2,2,5,22,0,0,3,8,0,0,0,15,15
0151bc711867418a,3,2,2,10,1,4,0,2,0,0,6,9,17,0,0,0,8,0,0,0,8,10
2be79cc9292141d9,7,3,5,6,5,0,0,5,5,0,5,8,33,0,0,0,5,2,0,0,189,14
9c07201830ec49c9,0,0,2,4,0,0,0,0,0,1,0,1,7,0,0,0,3,2,0,0,10,4
bdaa39aa9fdf4d02,2,1,1,6,0,12,0,5,1,1,4,4,2,0,0,0,3,2,0,0,4,18
e8d325e111524cf6,3,0,10,14,18,0,0,0,0,0,9,12,28,0,0,0,10,2,0,0,1,21
967f59cd1a764bcd,1,0,2,5,4,3,0,0,0,0,6,9,5,0,0,0,3,0,0,0,0,4
ab64073beea04f7a,1,1,7,27,8,1,0,0,0,0,5,15,19,0,0,0,9,0,0,1,0,25
f994cfd357324af7,9,1,6,27,0,10,0,2,0,0,1,6,41,0,0,0,17,0,0,0,11,34
5ae64fb3f5324032,1,0,9,16,19,0,0,0,0,0,4,6,25,0,0,0,7,2,0,0,8,49
82d60abbe56441a2,1,1,2,7,2,0,0,1,1,1,0,2,13,0,0,0,7,0,0,0,8,59
d64139d489e048a6,6,2,4,14,2,0,4,0,0,0,0,4,28,0,0,0,9,0,0,0,6,14
8283a84c91504706,4,0,6,15,0,0,0,1,0,0,1,7,20,0,0,0,10,0,0,0,14,2
406f9bcd77b64ded,10,7,11,33,15,0,0,0,0,3,3,14,37,0,0,0,21,0,0,0,10,35
162359013c0947b3,4,0,5,13,3,0,1,0,0,0,1,7,24,0,0,0,9,0,0,0,9,10
31065b9d297448b9,3,1,15,35,18,0,0,0,0,0,4,21,43,0,0,0,14,0,0,4,0,16
a1b1efdb8a504c51,7,5,1,7,0,0,0,6,0,0,17,25,9,0,0,0,5,0,0,0,18,18
73fbef8d159240a6,4,0,11,35,21,15,3,0,0,0,0,14,25,9,0,3,9,0,0,0,31,53
cc4c267df15b4e3b,0,0,2,7,0,0,0,0,0,2,0,0,11,0,0,0,6,3,0,0,2,8
6ac9ec83a54c46aa,8,3,5,12,3,0,2,0,0,1,1,5,32,0,0,0,12,0,0,0,11,13
c8fd5694cb1f488d,2,1,2,7,29,0,0,0,0,0,1,3,8,0,0,0,5,2,0,0,8,14
956eaf120a674955,5,1,4,14,3,0,1,2,0,0,4,5,17,0,0,0,5,0,0,0,9,3
e105a9968fad402d,4,0,4,7,1,0,1,2,0,2,2,16,29,0,0,0,10,0,0,0,2,5
963e3a2c2b954d47,4,1,7,19,2,5,0,2,0,0,3,8,23,0,0,0,25,0,0,0,9,9
be0d951f9c784d02,6,0,2,10,0,0,0,4,0,0,7,3,18,16,0,0,9,3,0,0,24,39
5941f79dc0b8429b,4,1,6,13,1,0,0,0,0,1,0,4,21,8,0,0,13,0,0,0,6,11
9a87b5b534af4293,2,2,1,5,7,12,5,0,0,0,1,1,20,7,0,8,3,1,0,0,70,14
b7fe4b9956754207,2,0,4,12,1,4,2,0,0,0,0,2,15,1,0,11,5,0,0,0,12,6
69b75603e11a483c,2,0,4,14,0,0,2,0,0,3,0,2,17,0,0,0,9,0,0,0,6,8
543a08483a194576,2,0,7,15,3,0,0,0,0,1,0,11,18,1,0,0,7,4,0,1,0,19
4770a7ca1cbc4486,3,2,1,3,0,0,0,0,0,0,3,1,17,15,0,0,12,0,0,0,20,6
3fb1cb9f264541c9,8,2,3,11,4,0,0,5,0,4,6,6,30,0,0,0,4,0,0,0,3,28
afdf8cc6546d43e5,3,0,5,21,3,0,0,2,0,0,5,12,31,0,0,0,8,1,0,0,3,20
1273dc9b60bd4912,4,3,1,6,3,8,4,2,0,0,3,4,20,8,0,4,7,0,0,0,50,52
26e38cad5182457d,2,1,4,7,8,0,0,0,1,1,2,1,15,0,0,0,6,1,0,0,8,3
6bf9198d545e4d24,6,1,4,14,1,0,0,0,0,1,0,6,21,0,0,0,3,3,0,0,9,9
7ca4c1c1adc94c6d,2,0,4,11,1,0,0,1,0,1,6,10,14,2,0,0,7,1,0,0,0,12
83a14ddccb434b5d,2,2,1,2,3,2,2,2,0,0,3,2,3,4,0,0,4,0,0,0,25,14
f7c6051cb2cb4d05,6,4,4,10,14,0,0,1,0,1,5,3,29,0,0,0,5,3,0,0,6,20
f1af065b6666443c,3,1,4,13,2,6,0,0,0,0,1,5,13,0,0,0,9,0,0,0,9,1
14935a0bd56149b3,4,4,2,8,0,0,0,0,0,1,0,2,16,0,0,0,3,4,0,0,8,15
3734a3631ca34f84,4,2,4,12,11,1,1,2,0,0,9,7,23,0,1,0,9,1,0,0,8,11
cd53afa1cc4049c2,1,0,4,10,3,0,0,0,0,1,0,6,12,0,0,0,5,5,0,1,8,12
d83ca190c2534c90,0,0,3,8,2,1,2,0,0,0,6,11,10,0,0,3,5,0,0,0,0,4
16c17be7b659423d,0,0,2,5,3,0,0,0,0,0,0,2,5,0,0,0,5,0,0,0,6,11
0bd4157370c0458e,3,1,3,12,9,2,0,3,3,3,1,2,33,0,0,0,10,0,0,0,14,64
ba240768453a446e,6,0,4,10,4,1,1,2,0,1,1,3,38,0,0,0,13,0,0,0,11,8
d7c2c29510564069,1,0,3,6,1,3,0,1,0,1,0,3,8,0,0,0,6,0,0,0,11,0
51baeaf0346e4395,1,0,6,24,16,6,3,0,0,0,8,43,22,15,0,4,19,0,0,0,10,13
d6383a4150aa479d,3,0,6,15,12,2,0,0,0,1,4,8,18,0,0,0,12,1,0,0,4,26
35c2dcce6b064ed7,3,3,2,12,3,4,4,3,0,0,3,5,16,4,0,5,2,0,0,0,55,35
1c1092a6e00047e6,3,0,3,7,2,0,3,0,0,0,4,6,13,0,0,0,7,0,0,1,0,2
0ce5625306844218,5,5,2,5,2,0,0,0,0,0,8,10,29,0,0,0,9,0,0,0,5,38
6ddc18748f614ca2,2,0,2,6,2,0,1,0,0,0,4,6,8,0,0,0,8,0,0,0,0,1
a11a6432a8154140,3,2,4,18,11,8,4,0,0,0,1,4,16,0,0,0,6,1,0,0,8,41
85ec391fbf1e4f75,4,0,6,13,0,0,0,0,0,0,1,7,16,0,0,0,8,0,0,0,14,12
dede096b61c54c88,0,0,1,0,2,0,0,0,0,0,1,0,5,0,0,0,2,1,0,0,4,1
aafd597e6ada43de,4,1,3,9,1,0,0,0,0,2,1,3,12,0,0,0,8,4,0,1,11,12
562d10607ba246f9,5,1,6,19,7,0,0,0,0,1,1,6,24,0,0,0,9,1,0,0,10,6
876bbc5b86824af8,1,1,2,5,2,0,0,0,1,0,4,10,11,0,0,0,8,0,0,2,0,2
ef3423c5a3294517,1,0,6,24,14,8,5,0,0,0,8,41,25,0,0,3,8,0,0,0,10,15
bfedf120f5e94372,3,3,4,4,13,1,2,3,0,1,12,7,29,0,0,0,9,2,0,0,4,24
c11bf6eb68fa489c,6,0,1,7,0,0,0,4,0,0,8,1,16,29,0,0,8,4,0,0,22,38
5e6ddb9814d74d02,4,0,1,3,0,0,0,3,0,0,2,13,23,0,0,0,2,0,0,0,1,23
f0b651fa4faa4562,3,0,4,8,6,0,0,0,0,0,0,4,11,0,0,0,4,1,0,0,13,5
556c3eeac80940c6,2,0,6,8,19,0,0,1,0,0,3,2,23,0,0,0,6,2,0,0,10,20
0798c67c8f0d43fc,11,0,9,37,9,0,0,0,0,0,8,13,32,4,0,0,7,1,0,0,10,12
5d65ae4e401549ee,2,0,6,14,6,0,0,0,0,0,0,6,10,0,0,0,5,0,0,0,10,6
fdd686db1dba4f8b,6,2,0,0,0,0,0,2,3,1,0,0,22,0,0,0,1,0,0,0,3,16
f2b341ca101645fc,2,0,5,14,1,0,0,0,0,0,1,5,12,7,0,0,7,1,0,0,12,15
f3f0fe1525a44798,3,1,3,12,3,0,0,3,1,1,0,3,25,0,0,0,4,2,0,0,9,9
2cc77770262a4c9f,4,1,2,10,1,0,0,1,0,0,0,2,15,0,0,0,8,0,0,0,11,4
dfbff4ea621642eb,3,0,3,8,1,0,0,0,0,0,6,7,12,0,0,0,6,0,0,0,5,0
4eb81ea959624b97,3,1,6,14,13,0,0,1,0,0,4,5,19,0,0,0,7,2,0,0,6,24
5b2df80fd1fe433d,4,1,2,4,1,0,0,1,0,0,6,13,14,0,0,0,5,0,0,0,16,10
b4981b14b5a347ea,5,1,7,17,7,0,0,0,0,0,3,6,27,3,0,0,5,1,0,0,20,8
a0fd7054f58e45fa,6,3,3,7,2,1,0,1,1,1,2,2,25,0,0,0,7,1,0,0,7,7
5c1d07bd50584b7b,3,2,2,6,5,0,2,1,0,0,2,4,6,4,0,0,3,0,0,0,21,16
5964d2135a2a4e64,2,0,2,7,3,6,0,1,0,0,0,3,8,0,0,0,4,0,0,0,4,27
2823686cd84048eb,1,0,1,4,5,3,0,5,0,0,0,0,18,0,0,0,11,0,0,0,14,12
69652439a59d435d,0,0,9,19,2,1,0,0,0,0,12,17,13,0,0,0,12,0,0,0,0,12
59ac61f1b2504764,3,3,1,3,0,1,0,1,0,0,2,7,11,0,0,0,3,0,0,0,0,8
a8e5cf6b423741f5,5,1,8,22,2,0,0,0,0,0,1,9,26,3,0,4,7,1,0,0,26,13
20ae6c82b9b1418b,4,1,1,5,14,27,6,0,0,0,1,2,20,12,0,8,3,0,0,0,101,31
869cc4676f674797,0,0,1,5,3,0,0,0,0,0,0,1,4,0,0,0,2,2,0,0,2,6
fd7005c3cd664604,1,1,3,9,4,1,0,2,0,0,2,2,18,0,0,0,9,0,0,0,8,15
fc7e874aa6134cbf,5,3,4,13,10,6,0,0,0,0,9,8,14,0,0,0,12,0,0,2,0,20
fdfbd640eb0d4d94,1,1,2,9,3,3,0,5,0,0,0,2,15,0,0,0,5,1,0,0,4,26
163127ad3fcd4aae,2,0,6,24,5,16,0,0,0,1,2,4,19,0,0,0,7,5,0,2,6,12
21108455feba4551,2,0,4,8,3,0,0,1,0,2,7,6,14,0,0,0,9,0,0,0,0,4
6bb0061a68aa4336,1,1,0,3,10,22,5,0,0,0,0,1,2,5,0,7,1,1,0,0,32,50
8c174fc07e194173,0,0,1,5,2,0,0,0,0,0,0,1,8,0,0,0,4,2,0,0,4,3
3e63cdb3b3514e99,3,1,3,4,3,0,1,2,0,2,1,3,17,0,0,0,4,0,0,0,10,7
a72f755767ce44ff,4,0,9,28,8,0,0,0,0,0,1,10,25,11,0,4,6,1,0,0,32,17
1474d329d7804ca5,0,0,5,14,3,0,0,0,0,0,0,5,12,0,0,0,8,0,0,0,10,6
e5e2ac0f70604e51,3,3,1,6,3,4,4,0,0,0,4,46,16,0,0,0,3,0,0,0,26,37
b75b3959d4c447cc,1,1,7,13,17,0,0,0,0,0,10,7,25,0,0,0,14,2,0,0,0,24
6bd55267d54148de,4,0,3,5,2,0,0,1,0,2,1,1,14,0,0,0,6,0,0,0,6,3
849ca6963a1b478a,3,1,10,16,18,0,0,0,0,0,11,24,16,0,0,0,16,0,0,2,0,30
8f1f193c08a243e5,11,1,7,31,8,2,0,0,0,0,4,9,40,0,0,0,12,0,0,0,8,14
e2600ce05e4e4471,1,1,7,22,0,19,0,0,0,1,0,7,14,0,0,0,11,0,0,0,14,0
dfb1552da4fb41e3,2,0,3,11,1,0,0,0,0,0,0,3,16,0,0,0,11,1,0,0,10,19
b6c0b40aa8f24e87,6,0,1,8,0,0,0,4,0,0,8,1,16,26,0,0,8,3,0,0,22,36
98c20cbdd7b34b81,3,1,2,7,1,0,0,0,0,1,0,2,10,0,0,0,8,2,0,0,6,10
96134adb2cb14963,2,2,1,8,2,0,0,0,2,1,0,1,10,0,0,0,3,1,0,0,14,12
a4eb91de4b22496a,4,4,3,11,4,0,0,0,0,0,6,9,12,0,0,0,11,0,0,0,0,13
be3a242c9a38458e,4,0,2,8,0,0,0,2,2,2,1,2,22,7,2,0,4,0,0,0,35,56
454a0b368ffd4754,4,1,2,4,3,0,0,0,0,0,0,10,19,1,0,0,7,2,0,1,0,10
0de555c3c3d64da7,3,0,5,11,6,0,0,0,0,2,1,5,18,0,0,0,10,0,0,0,9,7
c47ea1678999487c,4,3,1,6,3,4,4,2,0,0,1,6,16,4,0,4,3,0,0,0,54,40
a328b6df87474cd1,4,0,3,6,0,0,0,0,0,0,0,3,12,0,0,0,4,1,0,0,10,9
1b5ef871fe9044dd,6,3,8,20,7,2,1,3,0,1,4,10,30,0,8,0,2,4,0,0,12,20
a90ceb3bf6344202,4,2,4,17,3,0,0,1,0,1,2,5,18,0,0,0,7,0,0,0,12,6
0d771860cea64f25,4,0,4,12,1,0,0,1,0,0,0,4,22,0,0,0,7,0,0,0,11,8
a5028ff207a94ee4,7,3,3,12,0,0,0,2,0,0,11,27,14,0,0,0,6,0,0,0,18,6
7a75dd92cb974250,1,0,6,21,8,3,3,0,0,0,8,41,23,15,0,2,11,0,0,0,10,22
773989bc4ddc479b,3,1,3,5,1,0,0,1,0,0,0,2,12,0,0,0,6,0,0,0,16,0
05eefcbe540f41f0,4,2,2,5,16,8,0,0,0,0,16,2,24,0,0,0,3,5,0,0,27,14
cca46d5bfa634b02,3,0,2,5,2,1,0,0,0,1,0,2,9,0,0,0,4,3,0,0,6,4
213295d0c489480a,2,1,4,13,0,0,0,0,0,0,1,5,9,0,0,0,7,0,0,0,11,8
4075350258304456,10,0,10,26,5,0,0,0,0,0,4,12,54,3,0,0,11,2,0,0,2,27
7eefd881df424644,3,2,1,4,7,8,5,0,0,0,9,43,15,2,0,5,2,0,0,0,24,7
ff92a670cb544bc8,5,2,9,24,4,1,1,0,0,0,1,10,37,3,0,5,8,0,0,0,12,21
6d453c9d1fb84b19,2,1,5,10,14,0,0,0,0,0,4,3,19,0,0,0,9,2,0,0,8,16
ee7d17e3214f485b,1,1,4,21,5,8,1,0,0,0,0,4,20,0,0,0,13,0,0,0,12,7
b8073b5c42254e2b,13,8,12,105,29,0,0,4,0,0,8,14,47,1,0,0,7,1,0,0,3,18
8c3fe5c364864ec4,2,1,1,2,1,1,1,1,0,0,2,8,10,0,0,0,4,0,0,0,0,4
7df1c2b7fd0947e7,5,0,4,13,0,16,0,10,0,0,13,101,10,0,0,0,5,0,0,0,16,37
25be9aaa6b6e404d,4,0,4,9,0,0,0,0,0,3,6,10,13,0,0,0,6,0,0,0,0,6
1bc04ed0f2b94e01,2,2,2,10,5,0,0,0,2,1,0,1,9,0,0,0,2,1,0,0,21,3
422cdb146c844c10,11,6,6,36,17,1,0,0,0,0,4,10,26,0,3,0,11,0,0,0,10,11
87cbf20b5b9649c5,7,0,4,14,0,0,0,4,0,0,8,4,20,16,0,0,8,3,0,0,22,39
3b1c99083adb4932,6,1,8,23,7,0,0,0,0,2,4,17,37,0,0,0,7,3,0,0,2,11
1d1694fc769d46f9,3,2,5,15,11,1,0,2,0,1,0,5,16,0,0,0,7,0,0,0,9,3
9a8c960abec848fe,4,2,4,18,10,6,0,0,0,1,8,7,14,0,0,0,14,0,0,2,0,17
aa138a23d8d94664,5,3,3,7,6,1,1,2,0,0,2,30,23,0,0,0,5,2,0,0,0,35
3e8a98d5fb714a43,4,0,3,9,0,0,0,1,0,1,4,11,20,0,0,0,7,1,0,0,2,8
36ea38dda21e478d,3,0,12,27,6,0,0,0,0,0,4,17,29,0,0,0,8,0,0,0,0,9
00d8d3e8e83346c4,3,0,2,6,3,0,0,1,0,1,3,23,15,0,0,0,3,2,0,0,6,11
65ff03a5c1784b88,2,0,2,4,2,2,1,4,0,0,2,7,10,0,0,0,4,0,0,0,0,13
eeeba5aeecc14f99,28,0,6,66,0,0,0,0,0,2,7,16,67,0,0,0,7,2,0,0,26,58
a3255388c31f48d9,9,3,5,12,2,0,1,0,0,0,3,5,30,0,0,0,11,0,0,0,21,15
f1f4244cdff6474c,8,5,4,15,12,7,0,0,1,0,2,6,34,0,0,0,15,0,0,2,8,11
4bc8999e93ca432b,0,0,4,14,0,0,1,0,0,0,0,4,12,1,0,5,6,0,0,1,8,13
2c5f856fb4f142e7,1,0,5,12,0,0,0,0,0,1,5,10,10,2,0,0,7,0,0,0,0,16
0cd90681140040fe,1,0,1,2,1,0,1,0,0,0,0,1,6,0,0,0,3,0,0,0,4,5
c4ab14e8713847e5,3,0,8,19,7,0,0,2,5,0,0,7,36,2,0,0,5,2,0,0,20,0
cf8b526090924d68,2,0,3,6,5,0,0,0,1,0,0,3,14,0,0,0,4,1,0,0,7,5
e873d52125014aa2,4,0,1,4,2,0,0,4,0,3,4,3,10,0,0,0,1,2,0,0,11,6
4d054b3de48f4a82,2,2,1,2,2,0,2,0,0,0,2,1,6,2,0,9,1,0,0,0,30,9
f9f8938ea77d433c,1,0,7,52,24,18,18,0,0,0,4,44,37,3,0,2,17,0,0,0,10,53
3de73f560fc64f5b,4,3,1,6,1,0,0,0,0,0,7,5,5,0,0,0,9,0,0,0,0,2
4005b68fa8a04222,3,2,2,5,0,0,0,0,0,0,3,2,21,15,0,0,12,0,0,0,20,6
e28ca451015d4f11,1,1,5,11,8,2,0,1,0,0,2,4,16,4,3,0,5,1,0,1,28,10
b682a13f82254dbc,2,1,4,15,3,0,0,0,0,0,3,8,15,0,0,0,6,2,0,1,0,4
7a829d8ae9b143e8,25,1,0,132,0,1,0,1,1,1,0,0,53,0,0,0,4,1,0,0,54,299
864503bf76244c7c,4,3,4,11,4,5,0,1,0,0,2,5,12,0,0,0,4,0,0,0,12,22
4b12df053d164d79,3,0,1,6,2,1,1,1,0,2,4,5,10,0,0,0,8,0,0,0,0,0
6e3b3242a72f4acb,3,2,2,5,11,0,0,0,0,0,1,4,11,0,0,0,7,1,0,0,12,9
b8070abff9684f0a,6,0,2,23,21,4,0,4,0,0,29,2,18,0,0,0,10,3,0,0,22,33
a0ab8d706b664bdd,3,0,4,8,10,0,0,4,0,0,0,4,20,0,0,0,7,2,0,0,15,9
770a0656cd1c4bb6,0,0,1,0,1,0,1,0,0,1,0,0,4,0,0,0,3,0,0,0,4,4
fd27fb75d47543c9,2,0,6,16,1,0,0,2,0,0,1,17,21,0,0,0,7,1,0,0,4,27
9a0e662545964359,1,0,3,8,0,0,0,0,0,0,8,26,11,10,0,0,7,0,0,0,0,11
9d50a05ccff94fb1,6,2,2,10,15,20,5,0,0,0,9,2,31,7,0,6,2,0,0,0,52,26
9cc7563047f14040,6,0,5,16,0,0,0,1,6,3,0,25,52,0,0,0,7,0,0,0,0,15
4d6cf737b62e4a0e,4,0,6,15,1,0,0,1,0,0,7,14,26,2,0,0,10,1,0,0,2,12
5646fe71fd844de3,2,1,3,12,1,0,0,1,0,0,1,4,16,0,0,0,4,2,0,0,7,21
698fb410d7414ab5,5,3,6,19,9,1,0,0,0,1,2,6,19,0,0,0,14,0,0,1,8,17
d11e9af271614fc4,4,0,4,15,0,11,0,0,0,3,0,2,14,0,0,0,4,2,0,0,6,11
56a8b7b526804b1f,0,0,6,12,5,0,0,2,0,0,2,6,10,0,0,0,7,0,0,0,10,11
2e3d14bbe7484199,2,2,2,5,2,2,1,0,0,0,4,4,12,0,0,0,7,0,0,1,0,0
7128a3c115f541f9,5,5,11,40,6,12,0,0,0,0,1,15,14,0,0,0,7,0,0,0,14,13
411e986011034b28,2,1,2,7,1,0,0,1,0,2,3,11,13,0,0,0,2,2,0,0,10,8
163c95471b724e57,1,0,6,15,10,0,0,0,0,0,10,43,14,30,0,1,9,0,0,0,10,16
caa7fb4fc4ca493a,0,0,1,2,2,2,0,0,0,0,4,3,4,0,0,0,4,0,0,0,0,0
a31c58d4798c417f,2,1,2,6,0,0,1,0,0,0,4,6,14,0,0,0,7,0,0,2,0,1
e2d8cf52b958455b,5,0,6,19,3,0,0,0,0,1,1,5,18,0,0,0,7,2,0,0,8,13
33c5e197a51146af,4,2,5,15,1,0,0,0,0,1,0,4,22,0,0,0,7,0,0,0,12,6
964ee24c31014bf0,2,0,8,22,4,0,0,0,0,0,10,20,22,0,0,0,10,0,0,3,0,5
6a963330ad9d412d,3,2,2,8,0,0,0,0,6,0,0,2,25,0,0,0,5,0,0,0,4,24
8ca5bb70bbe2456c,2,0,5,12,0,0,0,1,0,0,2,4,15,0,0,0,7,1,0,0,16,20
4c927e61d15d4030,4,1,3,15,29,0,0,0,0,0,3,3,10,0,0,0,5,2,0,0,10,15
1e6afde04a724e50,3,3,5,12,3,8,0,0,0,1,2,4,14,2,0,4,9,1,0,8,19,10
9cb20f1e8fee4e22,4,2,3,9,1,0,0,0,2,0,0,3,18,0,0,0,6,0,0,0,16,10
a735ca7b2e3b4519,2,1,3,10,0,0,0,0,0,2,2,8,13,3,0,0,3,4,0,0,0,25
79e41bdd5844418a,5,1,1,3,0,0,0,2,0,3,0,1,20,0,0,0,8,0,0,0,8,46
c699f6e0f9624be8,1,1,2,19,2,9,0,0,0,0,1,2,12,0,0,0,5,1,0,0,8,12
f73dfdc053ae4bf8,2,2,2,8,3,0,0,1,2,0,1,3,13,0,0,0,4,1,0,0,24,4
0d41a662f37b4771,3,3,3,15,8,0,0,3,3,3,0,3,35,0,0,0,18,0,0,0,14,77
398172ad5ad24266,2,1,2,7,4,0,0,0,0,0,1,3,10,0,0,0,7,0,0,0,8,10
0c9089169a364fb3,26,0,3,6,0,0,0,18,10,2,10,37,82,0,0,0,3,0,0,0,18,21
a91eaa7b97fc4aea,3,3,1,4,9,13,6,0,0,1,9,1,21,7,0,10,2,0,0,0,52,15
4455612cd21c477b,4,4,1,14,19,0,0,2,2,0,0,5,17,0,0,0,3,1,0,0,42,12
cfc1cc79f78046bb,3,0,6,10,12,0,0,0,0,0,4,5,15,0,0,0,7,1,0,0,8,20
9208c9c055ad486f,0,0,6,14,3,0,0,0,0,0,0,6,11,0,0,0,10,0,0,0,10,21
f232a46ddb24452b,3,1,2,4,0,0,0,2,0,2,0,2,13,0,0,0,7,1,0,0,13,2
db9437ad3124436b,4,0,5,12,0,3,0,0,0,0,0,5,17,0,0,0,9,4,0,0,34,12
af5badfb54d144b9,3,1,7,17,17,9,0,0,0,2,16,5,39,0,0,0,10,3,0,0,19,11
6781406e5391424c,0,0,3,7,2,0,0,0,0,0,0,3,7,0,0,0,5,0,0,0,6,9
25b21dd14b5149a9,0,0,3,7,3,0,0,0,0,0,4,7,5,0,0,0,5,0,0,0,0,9
3612d1b8f9184e7b,0,0,2,9,1,8,0,0,0,0,0,4,6,0,0,0,1,3,0,0,0,3
dc54857dd3c04083,1,0,5,11,0,0,0,0,0,0,1,5,10,0,0,0,6,0,0,0,6,8
18ca9786880d4b6f,0,0,3,6,3,0,0,0,0,1,0,2,6,0,0,0,3,2,0,0,6,6
df6f1ef9a1bd4fe6,10,2,4,12,0,0,0,0,0,0,6,20,21,0,0,0,20,0,0,0,8,15
561bdeb786c04804,6,2,5,14,0,0,0,0,0,0,2,6,21,0,0,0,8,0,0,0,16,10
79ea13fac8174451,20,6,2,18,66,5,0,2,0,1,79,1,57,0,0,0,8,4,0,0,28,80
93be163ab95d41b0,2,0,5,10,3,0,0,1,0,0,3,5,12,0,0,0,6,0,0,0,6,5
4a8177b4ebe04c6b,2,1,1,2,0,0,0,0,0,0,2,1,8,0,0,0,5,0,0,0,10,1
c8ee7710400341c5,11,0,5,14,100,90,0,100,10,31,0,205,236,0,0,0,10,0,0,0,0,48
e10c4d1d0dc54aec,1,0,1,70,0,0,0,0,0,0,0,1,15,0,0,0,3,0,0,0,4,174
bb27ff4def994673,2,1,7,19,3,0,0,0,0,0,9,13,16,0,0,0,27,0,0,4,0,9
c8acc4cbf9d6470d,3,1,7,18,2,0,0,0,0,0,1,8,19,3,0,4,5,1,0,0,23,9
27b0b05eac5c43e4,1,0,3,5,2,0,0,0,3,0,8,6,14,0,0,0,7,0,0,0,0,0
55895a21b3b4486a,1,0,2,7,0,0,0,0,0,0,2,6,25,0,0,0,7,0,0,0,0,29
8fa4983d9f784386,2,0,0,3,5,9,2,0,1,0,1,1,6,3,0,9,0,0,0,0,32,9
07f780ca06264fbe,8,0,7,28,6,6,0,4,0,0,9,13,29,4,0,0,8,1,0,0,12,6
b600c90e0ead478b,4,2,2,6,2,0,0,2,0,2,4,4,11,0,0,0,2,2,0,0,11,4
589d5de8fc5945ac,3,0,5,13,3,0,0,0,0,0,2,3,18,0,0,0,5,4,0,0,6,16
5f0ec44f6dcf49df,2,1,2,1,21,10,0,0,0,1,21,0,18,0,0,0,1,6,0,1,39,16
f9028d55cf534cb7,1,1,0,3,10,17,2,0,0,0,0,1,4,2,0,9,0,0,0,0,32,14
0c1696ac00a04d98,0,0,3,11,0,0,1,0,0,0,4,5,26,2,0,1,7,0,0,0,4,15
0714f6796016415c,3,2,4,5,1,0,0,5,0,4,0,4,31,0,6,0,4,0,0,0,14,6
f372eafe2dda4df4,4,2,6,16,0,0,0,1,0,0,1,7,25,0,0,0,10,0,0,0,16,8
a526bc57c5934326,1,0,4,14,1,0,0,2,1,0,3,5,12,0,0,0,5,2,0,0,8,16
fdb50c0862854567,3,3,1,10,3,4,4,0,0,0,0,4,13,4,0,4,3,0,0,0,54,34
f18cc4f111f14d68,2,0,4,10,0,0,0,0,0,3,0,2,15,0,0,0,6,1,0,0,11,6
219740c5096b47bf,2,1,2,4,0,0,0,0,0,0,2,2,7,0,0,0,5,0,0,0,8,3
ae245c5726804792,7,0,5,30,6,2,0,5,5,5,1,5,51,0,0,0,16,0,0,0,14,78
b9e3d05f8f9543e5,3,0,4,8,3,0,0,0,0,1,1,3,14,0,0,0,6,1,0,0,0,3
d470d319064442a3,3,0,3,8,1,0,0,0,0,0,0,4,12,0,0,0,7,0,0,0,7,6
bbc264eb1c1e40ea,2,2,3,8,6,0,0,0,0,0,0,4,11,0,0,0,5,0,0,0,10,6
0df7e908368145b8,3,2,3,2,26,15,0,0,0,2,26,0,32,0,0,0,2,4,0,0,37,6
14e130f7c17540e0,2,2,6,16,10,8,0,0,0,0,8,12,17,0,0,0,6,0,0,1,0,0
c97aa45912f64901,4,2,7,24,4,0,0,0,0,0,1,8,21,3,0,0,5,1,0,0,22,12
3e1a77f6dc84426f,2,1,2,5,1,0,0,0,0,0,1,2,8,0,0,0,3,4,0,1,9,4
901c5d60ed6242b5,0,0,4,11,2,0,1,0,0,0,0,4,12,1,0,3,4,0,0,0,9,15
e3b5c2deda8a48cb,4,0,5,10,1,0,1,0,0,0,2,13,19,0,0,0,5,0,0,0,0,8
c106d2e54ed0403e,1,1,4,6,2,2,2,0,0,2,1,2,13,0,0,0,7,0,0,0,4,15
83218472cc3d4f49,4,3,1,6,3,8,4,3,0,0,4,4,17,8,0,4,7,0,0,0,54,55
05068eab644f451f,2,0,9,34,6,1,0,0,0,0,5,17,17,0,0,0,9,0,0,0,0,31
b1dbec0b830e4e36,10,0,11,24,2,0,0,13,0,15,1,26,72,2,0,0,5,0,0,0,0,67
9c27412833de41e3,3,1,2,8,1,0,0,0,0,2,1,2,8,0,0,0,4,1,0,0,3,8
2d7c79e819d44aba,4,0,4,13,0,4,0,2,3,0,1,29,22,0,0,0,4,0,0,0,4,13
074a25ed252c43fa,4,0,5,11,12,0,1,0,0,1,7,11,30,0,0,0,8,2,0,0,0,29
27f800f91991401f,4,2,3,12,3,0,0,1,0,1,2,2,30,0,0,0,15,0,0,1,16,10
fab02fb0e0054565,5,0,2,8,1,0,0,0,0,0,0,2,18,0,0,0,11,0,0,0,11,4
e8143a620ca14e60,4,2,3,8,13,6,0,1,0,0,8,21,7,0,0,0,6,0,0,0,0,23
da47b711903746ac,0,0,2,4,0,0,0,0,0,0,0,2,7,0,0,0,4,2,0,0,14,4
c9a9e32d65444f03,3,0,2,6,1,0,0,1,0,0,0,2,13,0,0,0,9,0,0,0,11,6
dd6a71903a534699,3,2,1,0,3,0,0,1,0,2,2,1,7,0,3,0,0,1,0,0,8,30
969ceea6d419459d,3,1,1,2,1,0,0,0,0,0,2,2,13,0,0,0,8,0,0,0,12,1
b7bea35475db4c2a,4,1,2,3,2,0,1,1,0,0,0,2,15,0,0,2,11,0,0,0,6,5
fd5da32e820b4f54,4,3,2,2,0,0,0,0,0,1,0,1,10,0,0,0,2,1,0,0,12,0
fc77fe20f7344589,2,1,4,12,5,0,0,0,0,1,6,10,17,0,0,0,6,0,0,0,0,7
2455489c079044bc,0,0,7,26,8,1,0,0,0,0,5,14,18,0,0,0,8,0,0,2,0,20
5899008f4c6e462c,2,1,2,4,4,0,0,1,0,1,6,5,9,0,0,0,6,0,0,0,8,0
6ddeb309993645f7,4,0,3,9,0,0,0,0,0,3,4,9,23,0,0,0,7,1,0,0,2,12
880b18618d56491d,2,0,3,6,2,0,1,1,0,0,0,3,19,0,0,0,13,0,0,0,10,6
4f575dbd363b4335,3,0,2,4,0,0,0,0,0,1,0,2,9,0,0,0,3,2,0,0,11,6
76a455bdc78148d8,2,0,14,29,6,0,0,0,0,0,5,19,28,0,0,0,28,0,0,3,0,6
5f8788bc9911405c,1,1,2,5,0,0,1,0,0,0,3,9,9,0,0,0,5,0,0,0,0,6
e4591a33d4dc4e93,7,4,3,10,8,0,0,1,0,4,0,3,22,0,0,0,7,1,0,0,7,11
c7acabc52a8c4d69,1,1,3,18,2,4,0,0,0,0,0,3,14,0,0,0,11,0,0,0,4,27
49d9a71a1ee54859,4,0,6,13,2,0,0,0,0,0,2,6,26,0,0,0,10,0,0,0,14,4
4003271e45a44cea,3,0,3,9,3,0,0,3,0,3,5,9,21,0,0,0,6,1,0,0,3,8
5c23f8f4496e40b2,2,0,2,5,0,0,0,0,0,0,4,14,15,0,0,0,13,0,0,0,0,7
43787d177e4c493a,3,0,0,2,0,2,0,0,0,3,0,0,10,0,0,0,5,0,0,0,3,23
62e3042aa41e4f22,6,3,4,11,9,2,1,3,0,0,10,14,22,0,0,0,7,2,0,0,4,20
8a4a470d43b3443c,2,0,5,11,0,0,0,0,0,1,4,11,10,0,0,0,6,0,0,0,0,0
b79665ceff424b5e,2,0,4,13,8,0,0,0,0,0,0,4,11,0,0,0,6,0,0,0,10,6
2c639f06cb1948b6,2,0,2,8,4,1,0,0,0,0,1,3,5,0,0,0,4,0,0,0,10,4
33e0aececfb14d36,0,0,3,7,2,0,0,0,0,0,4,7,13,0,0,0,9,0,0,0,0,7
bc18aaea2d6540bd,5,1,3,7,2,0,0,0,0,0,0,3,18,0,0,0,6,2,0,0,11,6
2932f5326e9349fb,1,0,2,7,3,2,0,1,0,2,0,1,11,0,3,0,1,2,0,1,6,9
5e1db13fff424bcc,2,2,3,14,8,3,1,2,1,0,0,5,17,0,0,0,8,1,0,0,8,26
72aab33817ac494b,0,0,3,7,3,0,2,0,0,0,6,4,13,0,0,0,8,0,0,0,0,6
33e4a09d9f854c28,0,0,2,9,3,0,0,0,0,1,0,1,7,0,0,0,2,3,0,0,0,6
50aec7c1e2414b2e,2,0,2,5,6,3,0,2,0,0,1,2,14,0,0,0,11,0,0,0,6,4
2bcacc2b472b49bf,12,12,5,19,9,0,0,4,4,4,12,9,61,0,0,0,10,0,0,0,0,72
b9320182798e4585,2,1,1,2,0,0,0,0,0,0,6,9,9,0,0,0,6,0,0,0,0,0
9f97d10acfa6425a,2,0,14,31,7,0,0,0,0,0,4,20,29,0,0,0,13,0,0,4,0,6
e52eec3ffb4e4304,4,2,5,25,1,0,0,0,0,0,3,6,30,59,0,0,8,0,0,0,18,30
cba3ee529e084f50,4,2,1,2,3,0,0,2,0,0,4,16,12,0,0,0,2,2,0,0,7,10
05a2814a4d8d4201,4,1,4,16,18,0,0,0,0,1,2,4,25,0,0,0,12,3,0,0,10,18
04dfff7cef794430,8,0,0,0,0,0,0,11,0,12,2,32,26,0,0,0,1,0,0,0,1,42
d83c66bbcdc7434a,5,0,5,14,8,1,1,4,0,0,7,7,25,0,1,0,5,1,0,0,15,18
33738aba4aa54342,1,1,2,8,0,0,0,0,0,0,0,3,7,0,0,0,4,1,0,0,12,6
0b021fea1f3143c8,2,2,2,4,9,0,0,0,0,1,0,1,6,0,0,0,2,1,0,0,10,12
ddcaf08425ac4bca,1,1,5,10,7,0,0,0,0,1,0,4,16,0,0,0,9,0,0,0,10,1
893c4cb5f645408d,3,1,3,8,2,1,0,0,0,0,0,3,10,0,0,0,7,1,0,0,11,4
40b0008b10ac4568,1,0,2,4,3,1,1,1,0,0,1,1,8,0,0,0,5,0,0,0,6,0
9783bd118ca3427c,0,0,5,22,3,13,0,0,0,0,0,5,9,0,0,0,7,0,0,1,10,9
71f5f5c21c7a43e5,4,1,5,15,4,0,0,0,0,0,1,6,20,0,0,0,8,0,0,0,12,15
3bfde9187c1d4d5c,4,0,4,11,0,0,0,1,0,2,0,4,15,0,0,0,8,0,0,0,11,8
cc7dd6f1524841fe,24,5,5,10,0,0,0,0,12,5,0,5,71,0,0,0,6,0,0,0,10,16
6cefc9a2bf5c49a5,1,0,2,8,2,0,0,0,0,1,4,8,7,0,0,0,7,0,0,0,0,4
603980e204c64411,3,1,6,11,11,0,0,0,0,0,1,5,15,0,0,0,5,0,0,0,11,6
18120c7464b348ec,3,1,3,6,2,0,0,0,0,1,1,2,15,0,0,0,8,0,0,0,9,3
e06c5b216a9446cf,13,1,2,17,1,0,0,0,0,0,0,2,40,0,0,0,9,0,0,0,4,40
c801c50adebd481b,7,0,4,23,2,0,0,2,1,2,3,7,31,0,0,0,9,0,0,0,12,4
82e3ed0aa7fa408b,3,1,5,13,3,5,4,0,0,0,2,10,25,0,0,0,11,0,0,0,0,13
d79659769ed141f6,11,3,1,11,5,0,3,1,10,1,0,1,54,7,0,0,14,0,0,0,34,48
e32d56afcee54ca7,1,1,0,6,10,20,6,0,0,0,1,0,3,1,0,15,0,0,0,0,32,15
9d9bda9df9bd43b9,4,3,2,4,0,0,0,0,0,0,0,2,14,0,0,0,3,1,0,0,12,3
4b55020edfc74700,4,1,3,8,7,5,0,1,0,0,10,11,13,0,0,0,5,0,0,0,0,17
b6660f2c1f2a4fef,3,0,3,10,13,5,0,4,0,0,0,3,23,0,0,0,4,3,0,2,13,11
3bfc19bf144d444d,4,0,6,15,1,0,0,0,0,0,1,6,20,7,0,0,8,3,0,0,12,17
9103446d8b1142e2,1,0,2,6,0,0,1,0,0,0,4,6,7,0,0,0,8,0,0,2,0,1
6763bc67ff65435a,8,8,3,5,27,14,0,4,0,1,29,6,33,0,0,0,13,3,0,1,8,14
e4c57c4db25c4cb5,0,0,1,2,0,0,0,0,0,1,0,0,3,0,0,0,4,1,0,0,9,8
c88af4d1dc6341df,3,0,5,11,1,0,0,0,0,0,3,14,11,0,0,0,9,0,0,0,8,2
2ffe1eb849654377,4,1,2,8,1,0,0,1,0,0,0,2,15,0,0,0,9,0,0,0,11,6
eaa912a3309b4411,8,3,6,27,31,1,0,4,1,2,7,2,48,0,0,0,8,5,0,0,6,47
c3bac5aeafc74b5b,4,1,3,9,4,5,0,0,0,0,8,20,12,0,0,0,8,0,0,0,0,20
2888ccead2e241f8,2,0,6,20,4,0,0,2,0,0,6,10,30,0,0,0,7,2,0,0,3,10
dc9c383455f9496d,3,0,4,9,4,0,0,0,0,0,1,8,15,3,0,0,3,1,0,0,0,6
c88d49077c6d4db1,1,0,2,16,1,13,0,0,0,0,0,2,8,0,0,0,2,2,0,0,4,9
f30b122d2fe44ddd,0,0,3,8,2,1,2,0,0,0,0,3,9,2,0,3,4,0,0,0,12,8
f29e8845b0a1478a,3,3,1,5,8,6,3,0,0,1,1,2,18,11,0,8,2,0,0,0,105,29
d48799ecf5bc41b3,2,0,3,6,0,0,0,0,0,0,0,3,9,0,0,0,5,0,0,0,9,3
cb2f350dad664da5,8,5,3,13,0,0,0,1,1,0,10,39,26,0,0,0,6,0,0,0,18,3
2da972828f6246af,4,3,2,8,1,0,0,0,6,0,0,3,28,0,0,0,5,0,0,0,4,24
adf0e7428c284a89,1,0,3,7,4,0,0,0,0,0,0,3,12,0,0,0,4,3,0,0,6,8
57ff8e315d914d7c,1,1,0,2,1,0,0,0,0,0,0,8,7,1,0,0,6,3,0,0,0,6
8203d375b79b4fe0,3,2,4,11,2,0,0,1,0,3,1,0,18,0,0,0,3,2,0,0,0,9
0a87270c9cc941d5,2,0,5,14,2,0,0,0,0,2,2,10,16,0,0,0,12,0,0,0,0,39
7dea3a8d917444fa,5,0,5,9,4,0,0,0,0,2,1,5,16,0,0,0,6,0,0,0,10,6
e89c4404437c4123,3,1,3,10,0,5,0,0,0,0,0,3,11,0,0,0,3,3,0,0,6,15
eac3a79e871a4efa,5,1,7,11,5,0,0,2,3,0,4,14,38,0,0,0,11,2,0,0,4,28
7223e188462142f8,0,0,3,5,10,1,1,1,1,0,6,0,13,0,0,0,7,3,0,0,6,15
758e98f1e0604bbf,2,0,5,14,0,0,0,1,0,2,1,5,14,0,0,0,6,1,0,0,12,17
60c7c46eb6934ff8,6,1,2,4,2,0,0,3,0,0,4,6,15,0,0,0,2,2,0,0,7,12
eff5598397b6477f,1,0,4,11,5,0,0,0,0,0,6,13,8,0,0,0,8,0,0,1,0,2
f40a80d626f146b2,0,0,7,21,10,0,0,0,0,0,8,11,17,0,0,0,12,0,0,0,0,6
184b1a4dfe5246db,1,0,4,10,4,0,0,0,0,2,2,6,12,0,0,0,4,4,0,1,0,13
fb55eae4d7924316,2,1,2,10,7,4,2,1,0,0,1,18,15,1,0,0,5,1,0,0,0,40
510abc502d024e11,1,0,2,4,3,0,0,0,0,0,0,2,6,0,0,0,3,1,0,0,7,11
201797125da8497f,2,0,7,15,20,0,2,0,1,0,3,7,12,0,0,0,5,0,0,0,14,8
5a2e8544db8040f4,8,6,3,6,5,0,0,0,0,0,0,3,21,0,0,0,5,1,0,0,20,7
56218acecb504aa9,5,2,1,7,1,0,0,0,9,0,1,1,33,0,0,0,4,0,0,0,4,28
3ee0603e1dcc4c9c,2,0,9,27,5,0,0,0,0,0,2,9,20,0,0,0,11,0,0,4,12,9
bbbddb1926334fdc,3,1,3,5,0,1,1,0,0,2,2,4,17,0,0,0,5,0,0,0,0,9
80192f62e8874429,6,0,4,14,10,3,3,0,0,0,3,5,28,0,0,0,13,2,0,0,13,12
82079a946c6644aa,0,0,1,6,0,9,0,0,0,1,0,4,4,0,0,0,0,4,0,0,0,3
5b4e2c2fd6c5466e,2,1,3,9,6,1,1,0,0,2,0,12,14,1,0,0,6,1,0,0,0,22
8f196ee742f44183,3,3,1,8,0,0,0,0,0,0,4,18,11,0,0,0,3,1,0,0,0,6
af1eb0fdcbae425d,4,2,5,12,7,0,0,0,0,1,1,5,16,0,0,0,8,0,0,0,11,7
e3856fb23c4c42c2,2,0,2,21,0,11,0,1,1,0,2,4,11,0,0,0,4,2,0,0,1,10
0ddfd225cdaa4c45,5,4,6,33,3,16,0,0,0,0,3,13,29,3,0,0,5,2,0,0,0,14
29cbd65fedd44f10,5,1,6,22,4,0,0,0,0,2,1,5,21,0,0,0,7,3,0,0,14,14
95f91fc6caf84ad2,0,0,3,12,3,5,0,0,0,0,0,3,5,0,0,0,6,0,0,0,12,3
751cb9a0f1d5464b,3,3,1,6,3,4,4,0,0,0,0,4,9,4,0,0,7,0,0,0,54,37
c15b08b247934747,5,0,12,21,17,1,0,0,0,0,4,10,40,0,0,0,24,0,0,3,8,13
1115dd94753d41bc,3,0,1,0,3,0,0,0,0,1,3,0,11,0,0,0,5,0,0,0,12,1
f14e3aef1eee4875,2,0,3,15,0,0,0,0,1,0,0,3,14,0,0,0,3,4,0,0,4,15
acf0335220a64152,4,2,2,10,2,0,0,2,0,4,0,2,18,0,0,0,5,1,0,0,5,5
77716eaf379443ac,3,3,1,3,1,0,0,2,0,2,0,2,13,0,0,0,4,1,0,0,5,4
1778cb195c0c4eb7,4,0,3,8,1,0,0,2,0,1,2,1,18,0,0,0,5,0,0,0,6,10
611bf8c0f2324d80,4,1,2,4,2,0,0,1,0,0,2,2,12,0,0,0,5,1,0,0,8,6
8f2c36ab0e1441e5,5,3,3,10,3,0,0,3,0,2,0,3,28,0,0,0,5,1,0,0,10,8
578c533435a646bc,2,1,1,6,1,0,0,0,0,0,2,5,12,0,0,0,4,0,0,0,0,34
4a8f1d73da7245cf,5,3,3,10,6,0,0,5,0,0,4,7,26,0,0,0,8,3,0,0,17,20
